"編號","大類","部位","名稱","五行","取得管道","裝備等級","四維模板","主屬性","特效","特效效果（紫色；橙×1.5、白金×2）","套裝"
"劍-01","武器","劍","精鋼劍","金","可製作・凡俗宗門","Lv10～100","均衡","金傷","追擊","8% 機率追加一次攻擊 ×0.6",""
"劍-02","武器","劍","松紋劍","木","可製作・凡俗宗門","Lv10～100","剛猛","毒傷","破甲","攻擊無視目標 10% 減傷",""
"劍-03","武器","劍","寒鐵劍","水","可製作・凡俗宗門","Lv10～100","玄妙","冰傷","吸血","傷害的 3% 轉為氣血",""
"劍-04","武器","劍","赤銅劍","火","可製作・凡俗宗門","Lv10～100","剛柔","火傷","焚燼","燒傷傷害 +20%",""
"劍-05","武器","劍","黃楊劍","土","可製作・凡俗宗門","Lv10～100","均衡","雷傷","橫掃","普攻 10% 機率波及全體 ×0.4",""
"劍-06","武器","劍","庚金劍","金","可製作・修真宗門","Lv200～500","剛猛","金傷","首擊","每波第一擊傷害 +25%",""
"劍-07","武器","劍","青元劍","木","可製作・修真宗門","Lv200～500","玄妙","毒傷","蝕骨","中毒傷害 +20%",""
"劍-08","武器","劍","寒魄劍","水","可製作・修真宗門","Lv200～500","剛柔","冰傷","剋敵","五行剋制時傷害再 +8%",""
"劍-09","武器","劍","赤霄劍","火","可製作・修真宗門","Lv200～500","均衡","火傷","斬殺","對氣血低於 20% 的敵人傷害 +20%",""
"劍-10","武器","劍","鎮岳劍","土","可製作・修真宗門","Lv200～500","剛猛","雷傷","連雷","雷擊時再劈另一名敵人 ×0.5",""
"劍-11","武器","劍","太白劍","金","可製作・至高宗門","Lv700～1000","玄妙","金傷","燃魂","氣血高於 80% 時傷害 +8%",""
"劍-12","武器","劍","建木劍","木","可製作・至高宗門","Lv700～1000","剛柔","毒傷","洞察","無視敵人 5% 閃避",""
"劍-13","武器","劍","玄冥劍","水","可製作・至高宗門","Lv700～1000","均衡","冰傷","寒徹","對凍結中的敵人傷害 +10%",""
"劍-14","武器","劍","南明劍","火","可製作・至高宗門","Lv700～1000","剛猛","火傷","追擊","8% 機率追加一次攻擊 ×0.6",""
"劍-15","武器","劍","后土劍","土","可製作・至高宗門","Lv700～1000","玄妙","雷傷","破甲","攻擊無視目標 10% 減傷",""
"劍-16","武器","劍","血刃劍","金","外界・奪寶","依人物等級","剛柔","金傷","吸血","傷害的 3% 轉為氣血",""
"劍-17","武器","劍","蠱毒劍","木","外界・奪寶","依人物等級","均衡","毒傷","噬魂","擊殺時回復 3% 氣血",""
"劍-18","武器","劍","幽冥劍","水","外界・奪寶","依人物等級","剛猛","冰傷","橫掃","普攻 10% 機率波及全體 ×0.4",""
"劍-19","武器","劍","血焰劍","火","外界・奪寶","依人物等級","玄妙","火傷","焚燼","燒傷傷害 +20%",""
"劍-20","武器","劍","屍山劍","土","外界・奪寶","依人物等級","剛柔","雷傷","法爆","技能傷害 +5%",""
"劍-21","武器","劍","鎏金劍","金","外界・拍賣","依人物等級","均衡","金傷","剋敵","五行剋制時傷害再 +8%",""
"劍-22","武器","劍","翡翠劍","木","外界・拍賣","依人物等級","剛猛","毒傷","毒爆","中毒滿層時引爆，造成攻擊力 ×1.0",""
"劍-23","武器","劍","珍珠劍","水","外界・拍賣","依人物等級","玄妙","冰傷","疾風","5% 機率本回合再出手一次",""
"劍-24","武器","劍","瑪瑙劍","火","外界・拍賣","依人物等級","剛柔","火傷","燃魂","氣血高於 80% 時傷害 +8%",""
"劍-25","武器","劍","和闐劍","土","外界・拍賣","依人物等級","均衡","雷傷","連雷","雷擊時再劈另一名敵人 ×0.5",""
"劍-26","武器","劍","戮仙劍","金","外界・秘境","依秘境層級","剛猛","金傷","聚靈","技能耗魔 -8%","戮仙（屬性）"
"劍-27","武器","劍","神農劍","木","外界・秘境","依秘境層級","玄妙","毒傷","追擊","8% 機率追加一次攻擊 ×0.6","神農（屬性）"
"劍-28","武器","劍","太陰劍","水","外界・秘境","依秘境層級","剛柔","冰傷","冰封","凍結時 30% 機率擴散到另一名敵人","太陰（屬性）"
"劍-29","武器","劍","三昧劍","火","外界・秘境","依秘境層級","均衡","火傷","吸血","傷害的 3% 轉為氣血","三昧（屬性）"
"劍-30","武器","劍","九州劍","土","外界・秘境","依秘境層級","剛猛","雷傷","噬魂","擊殺時回復 3% 氣血","九州（屬性）"
"劍-31","武器","劍","太初劍","金","外界・秘境","依秘境層級","玄妙","金傷","橫掃","普攻 10% 機率波及全體 ×0.4",""
"劍-32","武器","劍","開天劍","金","外界・秘境","依秘境層級","剛柔","金傷","首擊","每波第一擊傷害 +25%",""
"劍-33","武器","劍","陷仙劍","金","外界・秘境","依秘境層級","均衡","金傷","法爆","技能傷害 +5%",""
"劍-34","武器","劍","絕仙劍","金","外界・秘境","依秘境層級","剛猛","金傷","剋敵","五行剋制時傷害再 +8%",""
"劍-35","武器","劍","青竹蜂雲劍","木","外界・秘境","依秘境層級","玄妙","毒傷","斬殺","對氣血低於 20% 的敵人傷害 +20%",""
"劍-36","武器","劍","青冥劍","木","外界・秘境","依秘境層級","剛柔","毒傷","疾風","5% 機率本回合再出手一次",""
"劍-37","武器","劍","東皇劍","木","外界・秘境","依秘境層級","均衡","毒傷","蝕骨","中毒傷害 +20%",""
"劍-38","武器","劍","木德劍","木","外界・秘境","依秘境層級","剛猛","毒傷","洞察","無視敵人 5% 閃避",""
"劍-39","武器","劍","北斗劍","水","外界・秘境","依秘境層級","玄妙","冰傷","聚靈","技能耗魔 -8%",""
"劍-40","武器","劍","寒淵劍","水","外界・秘境","依秘境層級","剛柔","冰傷","冰封","凍結時 30% 機率擴散到另一名敵人",""
"劍-41","武器","劍","共工劍","水","外界・秘境","依秘境層級","均衡","冰傷","破甲","攻擊無視目標 10% 減傷",""
"劍-42","武器","劍","天一劍","水","外界・秘境","依秘境層級","剛猛","冰傷","吸血","傷害的 3% 轉為氣血",""
"劍-43","武器","劍","燭龍劍","火","外界・秘境","依秘境層級","玄妙","火傷","焚燼","燒傷傷害 +20%",""
"劍-44","武器","劍","赤帝劍","火","外界・秘境","依秘境層級","剛柔","火傷","橫掃","普攻 10% 機率波及全體 ×0.4",""
"劍-45","武器","劍","九鳳劍","火","外界・秘境","依秘境層級","均衡","火傷","首擊","每波第一擊傷害 +25%",""
"劍-46","武器","劍","天火劍","火","外界・秘境","依秘境層級","剛猛","火傷","焚燼","燒傷傷害 +20%",""
"劍-47","武器","劍","坤輿劍","土","外界・秘境","依秘境層級","玄妙","雷傷","剋敵","五行剋制時傷害再 +8%",""
"劍-48","武器","劍","泰山劍","土","外界・秘境","依秘境層級","剛柔","雷傷","斬殺","對氣血低於 20% 的敵人傷害 +20%",""
"劍-49","武器","劍","地藏劍","土","外界・秘境","依秘境層級","均衡","雷傷","連雷","雷擊時再劈另一名敵人 ×0.5",""
"劍-50","武器","劍","厚德劍","土","外界・秘境","依秘境層級","剛猛","雷傷","燃魂","氣血高於 80% 時傷害 +8%",""
"刀-01","武器","刀","青銅刀","金","可製作・凡俗宗門","Lv10～100","剛猛","金傷","吸血","傷害的 3% 轉為氣血",""
"刀-02","武器","刀","竹節刃","木","可製作・凡俗宗門","Lv10～100","剛柔","毒傷","噬魂","擊殺時回復 3% 氣血",""
"刀-03","武器","刀","秋水刀","水","可製作・凡俗宗門","Lv10～100","均衡","冰傷","橫掃","普攻 10% 機率波及全體 ×0.4",""
"刀-04","武器","刀","紅纓刃","火","可製作・凡俗宗門","Lv10～100","厚重","火傷","焚燼","燒傷傷害 +20%",""
"刀-05","武器","刀","石紋刀","土","可製作・凡俗宗門","Lv10～100","剛猛","雷傷","法爆","技能傷害 +5%",""
"刀-06","武器","刀","斬魄刃","金","可製作・修真宗門","Lv200～500","剛柔","金傷","剋敵","五行剋制時傷害再 +8%",""
"刀-07","武器","刀","碧落刀","木","可製作・修真宗門","Lv200～500","均衡","毒傷","蝕骨","中毒傷害 +20%",""
"刀-08","武器","刀","流雲刃","水","可製作・修真宗門","Lv200～500","厚重","冰傷","疾風","5% 機率本回合再出手一次",""
"刀-09","武器","刀","焚天刀","火","可製作・修真宗門","Lv200～500","剛猛","火傷","燃魂","氣血高於 80% 時傷害 +8%",""
"刀-10","武器","刀","玄黃刃","土","可製作・修真宗門","Lv200～500","剛柔","雷傷","連雷","雷擊時再劈另一名敵人 ×0.5",""
"刀-11","武器","刀","天罡刀","金","可製作・至高宗門","Lv700～1000","均衡","金傷","聚靈","技能耗魔 -8%",""
"刀-12","武器","刀","扶桑刃","木","可製作・至高宗門","Lv700～1000","厚重","毒傷","追擊","8% 機率追加一次攻擊 ×0.6",""
"刀-13","武器","刀","北冥刀","水","可製作・至高宗門","Lv700～1000","剛猛","冰傷","寒徹","對凍結中的敵人傷害 +10%",""
"刀-14","武器","刀","離火刃","火","可製作・至高宗門","Lv700～1000","剛柔","火傷","吸血","傷害的 3% 轉為氣血",""
"刀-15","武器","刀","戊己刀","土","可製作・至高宗門","Lv700～1000","均衡","雷傷","噬魂","擊殺時回復 3% 氣血",""
"刀-16","武器","刀","奪魄刃","金","外界・奪寶","依人物等級","厚重","金傷","橫掃","普攻 10% 機率波及全體 ×0.4",""
"刀-17","武器","刀","噬心刀","木","外界・奪寶","依人物等級","剛猛","毒傷","首擊","每波第一擊傷害 +25%",""
"刀-18","武器","刀","黃泉刃","水","外界・奪寶","依人物等級","剛柔","冰傷","法爆","技能傷害 +5%",""
"刀-19","武器","刀","魔焰刀","火","外界・奪寶","依人物等級","均衡","火傷","焚燼","燒傷傷害 +20%",""
"刀-20","武器","刀","白骨刃","土","外界・奪寶","依人物等級","厚重","雷傷","斬殺","對氣血低於 20% 的敵人傷害 +20%",""
"刀-21","武器","刀","琉璃刀","金","外界・拍賣","依人物等級","剛猛","金傷","疾風","5% 機率本回合再出手一次",""
"刀-22","武器","刀","沉香刃","木","外界・拍賣","依人物等級","剛柔","毒傷","毒爆","中毒滿層時引爆，造成攻擊力 ×1.0",""
"刀-23","武器","刀","水晶刀","水","外界・拍賣","依人物等級","均衡","冰傷","洞察","無視敵人 5% 閃避",""
"刀-24","武器","刀","珊瑚刃","火","外界・拍賣","依人物等級","厚重","火傷","聚靈","技能耗魔 -8%",""
"刀-25","武器","刀","黃玉刀","土","外界・拍賣","依人物等級","剛猛","雷傷","連雷","雷擊時再劈另一名敵人 ×0.5",""
"刀-26","武器","刀","太乙刃","金","外界・秘境","依秘境層級","剛柔","金傷","破甲","攻擊無視目標 10% 減傷","太乙（物攻）"
"刀-27","武器","刀","蒼龍刀","木","外界・秘境","依秘境層級","均衡","毒傷","吸血","傷害的 3% 轉為氣血","蒼龍（物攻）"
"刀-28","武器","刀","真武刃","水","外界・秘境","依秘境層級","厚重","冰傷","冰封","凍結時 30% 機率擴散到另一名敵人","真武（物攻）"
"刀-29","武器","刀","祝融刀","火","外界・秘境","依秘境層級","剛猛","火傷","橫掃","普攻 10% 機率波及全體 ×0.4","祝融（物攻）"
"刀-30","武器","刀","盤古刃","土","外界・秘境","依秘境層級","剛柔","雷傷","首擊","每波第一擊傷害 +25%","盤古（物攻）"
"刀-31","武器","刀","金蚨子母刃","金","外界・秘境","依秘境層級","均衡","金傷","法爆","技能傷害 +5%",""
"刀-32","武器","刀","紫霄刃","金","外界・秘境","依秘境層級","厚重","金傷","剋敵","五行剋制時傷害再 +8%",""
"刀-33","武器","刀","星隕刀","金","外界・秘境","依秘境層級","剛猛","金傷","斬殺","對氣血低於 20% 的敵人傷害 +20%",""
"刀-34","武器","刀","破虛刃","金","外界・秘境","依秘境層級","剛柔","金傷","疾風","5% 機率本回合再出手一次",""
"刀-35","武器","刀","木德刀","木","外界・秘境","依秘境層級","均衡","毒傷","燃魂","氣血高於 80% 時傷害 +8%",""
"刀-36","武器","刀","生生刃","木","外界・秘境","依秘境層級","厚重","毒傷","洞察","無視敵人 5% 閃避",""
"刀-37","武器","刀","萬靈刀","木","外界・秘境","依秘境層級","剛猛","毒傷","蝕骨","中毒傷害 +20%",""
"刀-38","武器","刀","青虛刃","木","外界・秘境","依秘境層級","剛柔","毒傷","追擊","8% 機率追加一次攻擊 ×0.6",""
"刀-39","武器","刀","天一刀","水","外界・秘境","依秘境層級","均衡","冰傷","破甲","攻擊無視目標 10% 減傷",""
"刀-40","武器","刀","冰皇刃","水","外界・秘境","依秘境層級","厚重","冰傷","冰封","凍結時 30% 機率擴散到另一名敵人",""
"刀-41","武器","刀","雪域刀","水","外界・秘境","依秘境層級","剛猛","冰傷","噬魂","擊殺時回復 3% 氣血",""
"刀-42","武器","刀","龍宮刃","水","外界・秘境","依秘境層級","剛柔","冰傷","橫掃","普攻 10% 機率波及全體 ×0.4",""
"刀-43","武器","刀","天火刀","火","外界・秘境","依秘境層級","均衡","火傷","焚燼","燒傷傷害 +20%",""
"刀-44","武器","刀","熾天刃","火","外界・秘境","依秘境層級","厚重","火傷","法爆","技能傷害 +5%",""
"刀-45","武器","刀","丹陽刀","火","外界・秘境","依秘境層級","剛猛","火傷","剋敵","五行剋制時傷害再 +8%",""
"刀-46","武器","刀","火德刃","火","外界・秘境","依秘境層級","剛柔","火傷","焚燼","燒傷傷害 +20%",""
"刀-47","武器","刀","厚德刀","土","外界・秘境","依秘境層級","均衡","雷傷","疾風","5% 機率本回合再出手一次",""
"刀-48","武器","刀","乾坤刃","土","外界・秘境","依秘境層級","厚重","雷傷","燃魂","氣血高於 80% 時傷害 +8%",""
"刀-49","武器","刀","太嶽刀","土","外界・秘境","依秘境層級","剛猛","雷傷","連雷","雷擊時再劈另一名敵人 ×0.5",""
"刀-50","武器","刀","八荒刃","土","外界・秘境","依秘境層級","剛柔","雷傷","聚靈","技能耗魔 -8%",""
"扇-01","武器","扇","鐵骨扇","金","可製作・凡俗宗門","Lv10～100","玄妙","金傷","橫掃","普攻 10% 機率波及全體 ×0.4",""
"扇-02","武器","扇","桑木扇","木","可製作・凡俗宗門","Lv10～100","雅致","毒傷","首擊","每波第一擊傷害 +25%",""
"扇-03","武器","扇","冷泉扇","水","可製作・凡俗宗門","Lv10～100","靈動","冰傷","法爆","技能傷害 +5%",""
"扇-04","武器","扇","烈陽扇","火","可製作・凡俗宗門","Lv10～100","法體","火傷","焚燼","燒傷傷害 +20%",""
"扇-05","武器","扇","厚土扇","土","可製作・凡俗宗門","Lv10～100","玄妙","雷傷","斬殺","對氣血低於 20% 的敵人傷害 +20%",""
"扇-06","武器","扇","破軍扇","金","可製作・修真宗門","Lv200～500","雅致","金傷","疾風","5% 機率本回合再出手一次",""
"扇-07","武器","扇","長青扇","木","可製作・修真宗門","Lv200～500","靈動","毒傷","蝕骨","中毒傷害 +20%",""
"扇-08","武器","扇","冰魄扇","水","可製作・修真宗門","Lv200～500","法體","冰傷","洞察","無視敵人 5% 閃避",""
"扇-09","武器","扇","流火扇","火","可製作・修真宗門","Lv200～500","玄妙","火傷","聚靈","技能耗魔 -8%",""
"扇-10","武器","扇","山河扇","土","可製作・修真宗門","Lv200～500","雅致","雷傷","連雷","雷擊時再劈另一名敵人 ×0.5",""
"扇-11","武器","扇","誅邪扇","金","可製作・至高宗門","Lv700～1000","靈動","金傷","破甲","攻擊無視目標 10% 減傷",""
"扇-12","武器","扇","青帝扇","木","可製作・至高宗門","Lv700～1000","法體","毒傷","吸血","傷害的 3% 轉為氣血",""
"扇-13","武器","扇","天河扇","水","可製作・至高宗門","Lv700～1000","玄妙","冰傷","寒徹","對凍結中的敵人傷害 +10%",""
"扇-14","武器","扇","朱雀扇","火","可製作・至高宗門","Lv700～1000","雅致","火傷","橫掃","普攻 10% 機率波及全體 ×0.4",""
"扇-15","武器","扇","崑崙扇","土","可製作・至高宗門","Lv700～1000","靈動","雷傷","首擊","每波第一擊傷害 +25%",""
"扇-16","武器","扇","鬼哭扇","金","外界・奪寶","依人物等級","法體","金傷","法爆","技能傷害 +5%",""
"扇-17","武器","扇","鬼藤扇","木","外界・奪寶","依人物等級","玄妙","毒傷","剋敵","五行剋制時傷害再 +8%",""
"扇-18","武器","扇","冥河扇","水","外界・奪寶","依人物等級","雅致","冰傷","斬殺","對氣血低於 20% 的敵人傷害 +20%",""
"扇-19","武器","扇","焚魂扇","火","外界・奪寶","依人物等級","靈動","火傷","焚燼","燒傷傷害 +20%",""
"扇-20","武器","扇","墳土扇","土","外界・奪寶","依人物等級","法體","雷傷","燃魂","氣血高於 80% 時傷害 +8%",""
"扇-21","武器","扇","珍瓏扇","金","外界・拍賣","依人物等級","玄妙","金傷","洞察","無視敵人 5% 閃避",""
"扇-22","武器","扇","紫檀扇","木","外界・拍賣","依人物等級","雅致","毒傷","毒爆","中毒滿層時引爆，造成攻擊力 ×1.0",""
"扇-23","武器","扇","冰玉扇","水","外界・拍賣","依人物等級","靈動","冰傷","追擊","8% 機率追加一次攻擊 ×0.6",""
"扇-24","武器","扇","赤玉扇","火","外界・拍賣","依人物等級","法體","火傷","破甲","攻擊無視目標 10% 減傷",""
"扇-25","武器","扇","玳瑁扇","土","外界・拍賣","依人物等級","玄妙","雷傷","連雷","雷擊時再劈另一名敵人 ×0.5",""
"扇-26","武器","扇","神霄扇","金","外界・秘境","依秘境層級","雅致","金傷","噬魂","擊殺時回復 3% 氣血","神霄（法攻）"
"扇-27","武器","扇","太昊扇","木","外界・秘境","依秘境層級","靈動","毒傷","橫掃","普攻 10% 機率波及全體 ×0.4","太昊（法攻）"
"扇-28","武器","扇","玄女扇","水","外界・秘境","依秘境層級","法體","冰傷","冰封","凍結時 30% 機率擴散到另一名敵人","玄女（法攻）"
"扇-29","武器","扇","羲和扇","火","外界・秘境","依秘境層級","玄妙","火傷","法爆","技能傷害 +5%","羲和（法攻）"
"扇-30","武器","扇","黃庭扇","土","外界・秘境","依秘境層級","雅致","雷傷","剋敵","五行剋制時傷害再 +8%","黃庭（法攻）"
"扇-31","武器","扇","戮仙扇","金","外界・秘境","依秘境層級","靈動","金傷","斬殺","對氣血低於 20% 的敵人傷害 +20%","戮仙（屬性）"
"扇-32","武器","扇","神農扇","木","外界・秘境","依秘境層級","法體","毒傷","疾風","5% 機率本回合再出手一次","神農（屬性）"
"扇-33","武器","扇","太陰扇","水","外界・秘境","依秘境層級","玄妙","冰傷","燃魂","氣血高於 80% 時傷害 +8%","太陰（屬性）"
"扇-34","武器","扇","三昧扇","火","外界・秘境","依秘境層級","雅致","火傷","焚燼","燒傷傷害 +20%","三昧（屬性）"
"扇-35","武器","扇","九州扇","土","外界・秘境","依秘境層級","靈動","雷傷","聚靈","技能耗魔 -8%","九州（屬性）"
"扇-36","武器","扇","破虛扇","金","外界・秘境","依秘境層級","法體","金傷","追擊","8% 機率追加一次攻擊 ×0.6",""
"扇-37","武器","扇","斷界扇","金","外界・秘境","依秘境層級","玄妙","金傷","破甲","攻擊無視目標 10% 減傷",""
"扇-38","武器","扇","萬劍扇","金","外界・秘境","依秘境層級","雅致","金傷","吸血","傷害的 3% 轉為氣血",""
"扇-39","武器","扇","青虛扇","木","外界・秘境","依秘境層級","靈動","毒傷","噬魂","擊殺時回復 3% 氣血",""
"扇-40","武器","扇","靈樞扇","木","外界・秘境","依秘境層級","法體","毒傷","毒爆","中毒滿層時引爆，造成攻擊力 ×1.0",""
"扇-41","武器","扇","碧霄扇","木","外界・秘境","依秘境層級","玄妙","毒傷","首擊","每波第一擊傷害 +25%",""
"扇-42","武器","扇","乾藍冰焰扇","水","外界・秘境","依秘境層級","雅致","冰傷","法爆","技能傷害 +5%",""
"扇-43","武器","扇","四海扇","水","外界・秘境","依秘境層級","靈動","冰傷","寒徹","對凍結中的敵人傷害 +10%",""
"扇-44","武器","扇","月魄扇","水","外界・秘境","依秘境層級","法體","冰傷","斬殺","對氣血低於 20% 的敵人傷害 +20%",""
"扇-45","武器","扇","火德扇","火","外界・秘境","依秘境層級","玄妙","火傷","疾風","5% 機率本回合再出手一次",""
"扇-46","武器","扇","赤明扇","火","外界・秘境","依秘境層級","雅致","火傷","焚燼","燒傷傷害 +20%",""
"扇-47","武器","扇","朝陽扇","火","外界・秘境","依秘境層級","靈動","火傷","洞察","無視敵人 5% 閃避",""
"扇-48","武器","扇","八荒扇","土","外界・秘境","依秘境層級","法體","雷傷","聚靈","技能耗魔 -8%",""
"扇-49","武器","扇","洪荒扇","土","外界・秘境","依秘境層級","玄妙","雷傷","連雷","雷擊時再劈另一名敵人 ×0.5",""
"扇-50","武器","扇","鎮獄扇","土","外界・秘境","依秘境層級","雅致","雷傷","破甲","攻擊無視目標 10% 減傷",""
"弓-01","武器","弓","白銅弓","金","可製作・凡俗宗門","Lv10～100","剛猛","金傷","法爆","技能傷害 +5%",""
"弓-02","武器","弓","青藤弓","木","可製作・凡俗宗門","Lv10～100","靈動","毒傷","剋敵","五行剋制時傷害再 +8%",""
"弓-03","武器","弓","碧波弓","水","可製作・凡俗宗門","Lv10～100","均衡","冰傷","斬殺","對氣血低於 20% 的敵人傷害 +20%",""
"弓-04","武器","弓","丹霞弓","火","可製作・凡俗宗門","Lv10～100","剛柔","火傷","焚燼","燒傷傷害 +20%",""
"弓-05","武器","弓","山紋弓","土","可製作・凡俗宗門","Lv10～100","剛猛","雷傷","燃魂","氣血高於 80% 時傷害 +8%",""
"弓-06","武器","弓","流光弓","金","可製作・修真宗門","Lv200～500","靈動","金傷","洞察","無視敵人 5% 閃避",""
"弓-07","武器","弓","蒼松弓","木","可製作・修真宗門","Lv200～500","均衡","毒傷","蝕骨","中毒傷害 +20%",""
"弓-08","武器","弓","滄浪弓","水","可製作・修真宗門","Lv200～500","剛柔","冰傷","追擊","8% 機率追加一次攻擊 ×0.6",""
"弓-09","武器","弓","炎陽弓","火","可製作・修真宗門","Lv200～500","剛猛","火傷","破甲","攻擊無視目標 10% 減傷",""
"弓-10","武器","弓","磐石弓","土","可製作・修真宗門","Lv200～500","靈動","雷傷","連雷","雷擊時再劈另一名敵人 ×0.5",""
"弓-11","武器","弓","金闕弓","金","可製作・至高宗門","Lv700～1000","均衡","金傷","噬魂","擊殺時回復 3% 氣血",""
"弓-12","武器","弓","萬木弓","木","可製作・至高宗門","Lv700～1000","剛柔","毒傷","橫掃","普攻 10% 機率波及全體 ×0.4",""
"弓-13","武器","弓","弱水弓","水","可製作・至高宗門","Lv700～1000","剛猛","冰傷","寒徹","對凍結中的敵人傷害 +10%",""
"弓-14","武器","弓","九陽弓","火","可製作・至高宗門","Lv700～1000","靈動","火傷","法爆","技能傷害 +5%",""
"弓-15","武器","弓","不周弓","土","可製作・至高宗門","Lv700～1000","均衡","雷傷","剋敵","五行剋制時傷害再 +8%",""
"弓-16","武器","弓","修羅弓","金","外界・奪寶","依人物等級","剛柔","金傷","斬殺","對氣血低於 20% 的敵人傷害 +20%",""
"弓-17","武器","弓","血藤弓","木","外界・奪寶","依人物等級","剛猛","毒傷","疾風","5% 機率本回合再出手一次",""
"弓-18","武器","弓","陰煞弓","水","外界・奪寶","依人物等級","靈動","冰傷","燃魂","氣血高於 80% 時傷害 +8%",""
"弓-19","武器","弓","煉獄弓","火","外界・奪寶","依人物等級","均衡","火傷","焚燼","燒傷傷害 +20%",""
"弓-20","武器","弓","骷髏弓","土","外界・奪寶","依人物等級","剛柔","雷傷","聚靈","技能耗魔 -8%",""
"弓-21","武器","弓","紫金弓","金","外界・拍賣","依人物等級","剛猛","金傷","追擊","8% 機率追加一次攻擊 ×0.6",""
"弓-22","武器","弓","檀香弓","木","外界・拍賣","依人物等級","靈動","毒傷","毒爆","中毒滿層時引爆，造成攻擊力 ×1.0",""
"弓-23","武器","弓","月華弓","水","外界・拍賣","依人物等級","均衡","冰傷","吸血","傷害的 3% 轉為氣血",""
"弓-24","武器","弓","霞光弓","火","外界・拍賣","依人物等級","剛柔","火傷","噬魂","擊殺時回復 3% 氣血",""
"弓-25","武器","弓","墨玉弓","土","外界・拍賣","依人物等級","剛猛","雷傷","連雷","雷擊時再劈另一名敵人 ×0.5",""
"弓-26","武器","弓","太乙弓","金","外界・秘境","依秘境層級","靈動","金傷","首擊","每波第一擊傷害 +25%","太乙（物攻）"
"弓-27","武器","弓","蒼龍弓","木","外界・秘境","依秘境層級","均衡","毒傷","法爆","技能傷害 +5%","蒼龍（物攻）"
"弓-28","武器","弓","真武弓","水","外界・秘境","依秘境層級","剛柔","冰傷","冰封","凍結時 30% 機率擴散到另一名敵人","真武（物攻）"
"弓-29","武器","弓","祝融弓","火","外界・秘境","依秘境層級","剛猛","火傷","斬殺","對氣血低於 20% 的敵人傷害 +20%","祝融（物攻）"
"弓-30","武器","弓","盤古弓","土","外界・秘境","依秘境層級","靈動","雷傷","疾風","5% 機率本回合再出手一次","盤古（物攻）"
"弓-31","武器","弓","金烏弓","金","外界・秘境","依秘境層級","均衡","金傷","燃魂","氣血高於 80% 時傷害 +8%",""
"弓-32","武器","弓","西極弓","金","外界・秘境","依秘境層級","剛柔","金傷","洞察","無視敵人 5% 閃避",""
"弓-33","武器","弓","天刑弓","金","外界・秘境","依秘境層級","剛猛","金傷","聚靈","技能耗魔 -8%",""
"弓-34","武器","弓","無量弓","金","外界・秘境","依秘境層級","靈動","金傷","追擊","8% 機率追加一次攻擊 ×0.6",""
"弓-35","武器","弓","長春弓","木","外界・秘境","依秘境層級","均衡","毒傷","破甲","攻擊無視目標 10% 減傷",""
"弓-36","武器","弓","九嶷弓","木","外界・秘境","依秘境層級","剛柔","毒傷","吸血","傷害的 3% 轉為氣血",""
"弓-37","武器","弓","瀛洲弓","木","外界・秘境","依秘境層級","剛猛","毒傷","蝕骨","中毒傷害 +20%",""
"弓-38","武器","弓","方丈弓","木","外界・秘境","依秘境層級","靈動","毒傷","橫掃","普攻 10% 機率波及全體 ×0.4",""
"弓-39","武器","弓","星河弓","水","外界・秘境","依秘境層級","均衡","冰傷","首擊","每波第一擊傷害 +25%",""
"弓-40","武器","弓","天潢弓","水","外界・秘境","依秘境層級","剛柔","冰傷","冰封","凍結時 30% 機率擴散到另一名敵人",""
"弓-41","武器","弓","太虛弓","水","外界・秘境","依秘境層級","剛猛","冰傷","剋敵","五行剋制時傷害再 +8%",""
"弓-42","武器","弓","靈霄弓","水","外界・秘境","依秘境層級","靈動","冰傷","斬殺","對氣血低於 20% 的敵人傷害 +20%",""
"弓-43","武器","弓","焰魔弓","火","外界・秘境","依秘境層級","均衡","火傷","焚燼","燒傷傷害 +20%",""
"弓-44","武器","弓","鳳凰弓","火","外界・秘境","依秘境層級","剛柔","火傷","燃魂","氣血高於 80% 時傷害 +8%",""
"弓-45","武器","弓","陽燧弓","火","外界・秘境","依秘境層級","剛猛","火傷","洞察","無視敵人 5% 閃避",""
"弓-46","武器","弓","離明弓","火","外界・秘境","依秘境層級","靈動","火傷","焚燼","燒傷傷害 +20%",""
"弓-47","武器","弓","山海弓","土","外界・秘境","依秘境層級","均衡","雷傷","追擊","8% 機率追加一次攻擊 ×0.6",""
"弓-48","武器","弓","玄穹弓","土","外界・秘境","依秘境層級","剛柔","雷傷","破甲","攻擊無視目標 10% 減傷",""
"弓-49","武器","弓","中州弓","土","外界・秘境","依秘境層級","剛猛","雷傷","連雷","雷擊時再劈另一名敵人 ×0.5",""
"弓-50","武器","弓","大荒弓","土","外界・秘境","依秘境層級","靈動","雷傷","噬魂","擊殺時回復 3% 氣血",""
"笛-01","武器","笛","銀紋笛","金","可製作・凡俗宗門","Lv10～100","玄妙","金傷","斬殺","對氣血低於 20% 的敵人傷害 +20%",""
"笛-02","武器","笛","柳葉笛","木","可製作・凡俗宗門","Lv10～100","靈動","毒傷","疾風","5% 機率本回合再出手一次",""
"笛-03","武器","笛","霜紋笛","水","可製作・凡俗宗門","Lv10～100","雅致","冰傷","燃魂","氣血高於 80% 時傷害 +8%",""
"笛-04","武器","笛","火紋笛","火","可製作・凡俗宗門","Lv10～100","均衡","火傷","焚燼","燒傷傷害 +20%",""
"笛-05","武器","笛","岩骨笛","土","可製作・凡俗宗門","Lv10～100","玄妙","雷傷","聚靈","技能耗魔 -8%",""
"笛-06","武器","笛","金蟬笛","金","可製作・修真宗門","Lv200～500","靈動","金傷","追擊","8% 機率追加一次攻擊 ×0.6",""
"笛-07","武器","笛","翠微笛","木","可製作・修真宗門","Lv200～500","雅致","毒傷","蝕骨","中毒傷害 +20%",""
"笛-08","武器","笛","玄冰笛","水","可製作・修真宗門","Lv200～500","均衡","冰傷","吸血","傷害的 3% 轉為氣血",""
"笛-09","武器","笛","火鳳笛","火","可製作・修真宗門","Lv200～500","玄妙","火傷","噬魂","擊殺時回復 3% 氣血",""
"笛-10","武器","笛","坤元笛","土","可製作・修真宗門","Lv200～500","靈動","雷傷","連雷","雷擊時再劈另一名敵人 ×0.5",""
"笛-11","武器","笛","斬仙笛","金","可製作・至高宗門","Lv700～1000","雅致","金傷","首擊","每波第一擊傷害 +25%",""
"笛-12","武器","笛","乙木笛","木","可製作・至高宗門","Lv700～1000","均衡","毒傷","法爆","技能傷害 +5%",""
"笛-13","武器","笛","滄溟笛","水","可製作・至高宗門","Lv700～1000","玄妙","冰傷","寒徹","對凍結中的敵人傷害 +10%",""
"笛-14","武器","笛","太陽笛","火","可製作・至高宗門","Lv700～1000","靈動","火傷","斬殺","對氣血低於 20% 的敵人傷害 +20%",""
"笛-15","武器","笛","息壤笛","土","可製作・至高宗門","Lv700～1000","雅致","雷傷","疾風","5% 機率本回合再出手一次",""
"笛-16","武器","笛","追魂笛","金","外界・奪寶","依人物等級","均衡","金傷","燃魂","氣血高於 80% 時傷害 +8%",""
"笛-17","武器","笛","腐骨笛","木","外界・奪寶","依人物等級","玄妙","毒傷","洞察","無視敵人 5% 閃避",""
"笛-18","武器","笛","寒屍笛","水","外界・奪寶","依人物等級","靈動","冰傷","聚靈","技能耗魔 -8%",""
"笛-19","武器","笛","赤魔笛","火","外界・奪寶","依人物等級","雅致","火傷","焚燼","燒傷傷害 +20%",""
"笛-20","武器","笛","魔岩笛","土","外界・奪寶","依人物等級","均衡","雷傷","破甲","攻擊無視目標 10% 減傷",""
"笛-21","武器","笛","金縷笛","金","外界・拍賣","依人物等級","玄妙","金傷","吸血","傷害的 3% 轉為氣血",""
"笛-22","武器","笛","碧玉笛","木","外界・拍賣","依人物等級","靈動","毒傷","毒爆","中毒滿層時引爆，造成攻擊力 ×1.0",""
"笛-23","武器","笛","鮫綃笛","水","外界・拍賣","依人物等級","雅致","冰傷","橫掃","普攻 10% 機率波及全體 ×0.4",""
"笛-24","武器","笛","琥珀笛","火","外界・拍賣","依人物等級","均衡","火傷","首擊","每波第一擊傷害 +25%",""
"笛-25","武器","笛","田黃笛","土","外界・拍賣","依人物等級","玄妙","雷傷","連雷","雷擊時再劈另一名敵人 ×0.5",""
"笛-26","武器","笛","天樞笛","金","外界・秘境","依秘境層級","靈動","金傷","剋敵","五行剋制時傷害再 +8%","天樞（閃避）"
"笛-27","武器","笛","瑤光笛","木","外界・秘境","依秘境層級","雅致","毒傷","斬殺","對氣血低於 20% 的敵人傷害 +20%","瑤光（閃避）"
"笛-28","武器","笛","洛神笛","水","外界・秘境","依秘境層級","均衡","冰傷","冰封","凍結時 30% 機率擴散到另一名敵人","洛神（閃避）"
"笛-29","武器","笛","畢方笛","火","外界・秘境","依秘境層級","玄妙","火傷","燃魂","氣血高於 80% 時傷害 +8%","畢方（閃避）"
"笛-30","武器","笛","須彌笛","土","外界・秘境","依秘境層級","靈動","雷傷","洞察","無視敵人 5% 閃避","須彌（閃避）"
"笛-31","武器","笛","戮仙笛","金","外界・秘境","依秘境層級","雅致","金傷","聚靈","技能耗魔 -8%","戮仙（屬性）"
"笛-32","武器","笛","神農笛","木","外界・秘境","依秘境層級","均衡","毒傷","追擊","8% 機率追加一次攻擊 ×0.6","神農（屬性）"
"笛-33","武器","笛","太陰笛","水","外界・秘境","依秘境層級","玄妙","冰傷","破甲","攻擊無視目標 10% 減傷","太陰（屬性）"
"笛-34","武器","笛","三昧笛","火","外界・秘境","依秘境層級","靈動","火傷","焚燼","燒傷傷害 +20%","三昧（屬性）"
"笛-35","武器","笛","九州笛","土","外界・秘境","依秘境層級","雅致","雷傷","噬魂","擊殺時回復 3% 氣血","九州（屬性）"
"笛-36","武器","笛","無量笛","金","外界・秘境","依秘境層級","均衡","金傷","橫掃","普攻 10% 機率波及全體 ×0.4",""
"笛-37","武器","笛","九霄笛","金","外界・秘境","依秘境層級","玄妙","金傷","首擊","每波第一擊傷害 +25%",""
"笛-38","武器","笛","太初笛","金","外界・秘境","依秘境層級","靈動","金傷","法爆","技能傷害 +5%",""
"笛-39","武器","笛","方丈笛","木","外界・秘境","依秘境層級","雅致","毒傷","剋敵","五行剋制時傷害再 +8%",""
"笛-40","武器","笛","花神笛","木","外界・秘境","依秘境層級","均衡","毒傷","毒爆","中毒滿層時引爆，造成攻擊力 ×1.0",""
"笛-41","武器","笛","鴻蒙笛","木","外界・秘境","依秘境層級","玄妙","毒傷","疾風","5% 機率本回合再出手一次",""
"笛-42","武器","笛","靈霄笛","水","外界・秘境","依秘境層級","靈動","冰傷","燃魂","氣血高於 80% 時傷害 +8%",""
"笛-43","武器","笛","碧海笛","水","外界・秘境","依秘境層級","雅致","冰傷","寒徹","對凍結中的敵人傷害 +10%",""
"笛-44","武器","笛","北斗笛","水","外界・秘境","依秘境層級","均衡","冰傷","聚靈","技能耗魔 -8%",""
"笛-45","武器","笛","離明笛","火","外界・秘境","依秘境層級","玄妙","火傷","追擊","8% 機率追加一次攻擊 ×0.6",""
"笛-46","武器","笛","熒惑笛","火","外界・秘境","依秘境層級","靈動","火傷","焚燼","燒傷傷害 +20%",""
"笛-47","武器","笛","燭龍笛","火","外界・秘境","依秘境層級","雅致","火傷","吸血","傷害的 3% 轉為氣血",""
"笛-48","武器","笛","大荒笛","土","外界・秘境","依秘境層級","均衡","雷傷","噬魂","擊殺時回復 3% 氣血",""
"笛-49","武器","笛","崆峒笛","土","外界・秘境","依秘境層級","玄妙","雷傷","連雷","雷擊時再劈另一名敵人 ×0.5",""
"笛-50","武器","笛","坤輿笛","土","外界・秘境","依秘境層級","靈動","雷傷","首擊","每波第一擊傷害 +25%",""
"筆-01","武器","筆","鎏銀筆","金","可製作・凡俗宗門","Lv10～100","玄妙","金傷","燃魂","氣血高於 80% 時傷害 +8%",""
"筆-02","武器","筆","棗木筆","木","可製作・凡俗宗門","Lv10～100","雅致","毒傷","洞察","無視敵人 5% 閃避",""
"筆-03","武器","筆","淡月筆","水","可製作・凡俗宗門","Lv10～100","法體","冰傷","聚靈","技能耗魔 -8%",""
"筆-04","武器","筆","朱漆筆","火","可製作・凡俗宗門","Lv10～100","靈動","火傷","焚燼","燒傷傷害 +20%",""
"筆-05","武器","筆","黃沙筆","土","可製作・凡俗宗門","Lv10～100","玄妙","雷傷","破甲","攻擊無視目標 10% 減傷",""
"筆-06","武器","筆","白虹筆","金","可製作・修真宗門","Lv200～500","雅致","金傷","吸血","傷害的 3% 轉為氣血",""
"筆-07","武器","筆","靈藤筆","木","可製作・修真宗門","Lv200～500","法體","毒傷","蝕骨","中毒傷害 +20%",""
"筆-08","武器","筆","凌波筆","水","可製作・修真宗門","Lv200～500","靈動","冰傷","橫掃","普攻 10% 機率波及全體 ×0.4",""
"筆-09","武器","筆","紫焰筆","火","可製作・修真宗門","Lv200～500","玄妙","火傷","首擊","每波第一擊傷害 +25%",""
"筆-10","武器","筆","岳峙筆","土","可製作・修真宗門","Lv200～500","雅致","雷傷","連雷","雷擊時再劈另一名敵人 ×0.5",""
"筆-11","武器","筆","裂空筆","金","可製作・至高宗門","Lv700～1000","法體","金傷","剋敵","五行剋制時傷害再 +8%",""
"筆-12","武器","筆","長生筆","木","可製作・至高宗門","Lv700～1000","靈動","毒傷","斬殺","對氣血低於 20% 的敵人傷害 +20%",""
"筆-13","武器","筆","癸水筆","水","可製作・至高宗門","Lv700～1000","玄妙","冰傷","寒徹","對凍結中的敵人傷害 +10%",""
"筆-14","武器","筆","丙火筆","火","可製作・至高宗門","Lv700～1000","雅致","火傷","燃魂","氣血高於 80% 時傷害 +8%",""
"筆-15","武器","筆","玄武筆","土","可製作・至高宗門","Lv700～1000","法體","雷傷","洞察","無視敵人 5% 閃避",""
"筆-16","武器","筆","殺生筆","金","外界・奪寶","依人物等級","靈動","金傷","聚靈","技能耗魔 -8%",""
"筆-17","武器","筆","屍木筆","木","外界・奪寶","依人物等級","玄妙","毒傷","追擊","8% 機率追加一次攻擊 ×0.6",""
"筆-18","武器","筆","鬼霧筆","水","外界・奪寶","依人物等級","雅致","冰傷","破甲","攻擊無視目標 10% 減傷",""
"筆-19","武器","筆","業火筆","火","外界・奪寶","依人物等級","法體","火傷","焚燼","燒傷傷害 +20%",""
"筆-20","武器","筆","黑沙筆","土","外界・奪寶","依人物等級","靈動","雷傷","噬魂","擊殺時回復 3% 氣血",""
"筆-21","武器","筆","玲瓏筆","金","外界・拍賣","依人物等級","玄妙","金傷","橫掃","普攻 10% 機率波及全體 ×0.4",""
"筆-22","武器","筆","蘭亭筆","木","外界・拍賣","依人物等級","雅致","毒傷","毒爆","中毒滿層時引爆，造成攻擊力 ×1.0",""
"筆-23","武器","筆","明珠筆","水","外界・拍賣","依人物等級","法體","冰傷","法爆","技能傷害 +5%",""
"筆-24","武器","筆","丹鳳筆","火","外界・拍賣","依人物等級","靈動","火傷","剋敵","五行剋制時傷害再 +8%",""
"筆-25","武器","筆","雲錦筆","土","外界・拍賣","依人物等級","玄妙","雷傷","連雷","雷擊時再劈另一名敵人 ×0.5",""
"筆-26","武器","筆","神霄筆","金","外界・秘境","依秘境層級","雅致","金傷","疾風","5% 機率本回合再出手一次","神霄（法攻）"
"筆-27","武器","筆","太昊筆","木","外界・秘境","依秘境層級","法體","毒傷","燃魂","氣血高於 80% 時傷害 +8%","太昊（法攻）"
"筆-28","武器","筆","玄女筆","水","外界・秘境","依秘境層級","靈動","冰傷","冰封","凍結時 30% 機率擴散到另一名敵人","玄女（法攻）"
"筆-29","武器","筆","羲和筆","火","外界・秘境","依秘境層級","玄妙","火傷","聚靈","技能耗魔 -8%","羲和（法攻）"
"筆-30","武器","筆","黃庭筆","土","外界・秘境","依秘境層級","雅致","雷傷","追擊","8% 機率追加一次攻擊 ×0.6","黃庭（法攻）"
"筆-31","武器","筆","戮仙筆","金","外界・秘境","依秘境層級","法體","金傷","破甲","攻擊無視目標 10% 減傷","戮仙（屬性）"
"筆-32","武器","筆","神農筆","木","外界・秘境","依秘境層級","靈動","毒傷","吸血","傷害的 3% 轉為氣血","神農（屬性）"
"筆-33","武器","筆","太陰筆","水","外界・秘境","依秘境層級","玄妙","冰傷","噬魂","擊殺時回復 3% 氣血","太陰（屬性）"
"筆-34","武器","筆","三昧筆","火","外界・秘境","依秘境層級","雅致","火傷","焚燼","燒傷傷害 +20%","三昧（屬性）"
"筆-35","武器","筆","九州筆","土","外界・秘境","依秘境層級","法體","雷傷","首擊","每波第一擊傷害 +25%","九州（屬性）"
"筆-36","武器","筆","大衍筆","金","外界・秘境","依秘境層級","靈動","金傷","法爆","技能傷害 +5%","大衍（收益）"
"筆-37","武器","筆","蓬萊筆","木","外界・秘境","依秘境層級","玄妙","毒傷","蝕骨","中毒傷害 +20%","蓬萊（收益）"
"筆-38","武器","筆","歸墟筆","水","外界・秘境","依秘境層級","雅致","冰傷","斬殺","對氣血低於 20% 的敵人傷害 +20%","歸墟（收益）"
"筆-39","武器","筆","丹霄筆","火","外界・秘境","依秘境層級","法體","火傷","疾風","5% 機率本回合再出手一次","丹霄（收益）"
"筆-40","武器","筆","萬壽筆","土","外界・秘境","依秘境層級","靈動","雷傷","連雷","雷擊時再劈另一名敵人 ×0.5","萬壽（收益）"
"筆-41","武器","筆","開天筆","金","外界・秘境","依秘境層級","玄妙","金傷","洞察","無視敵人 5% 閃避",""
"筆-42","武器","筆","陷仙筆","金","外界・秘境","依秘境層級","雅致","金傷","聚靈","技能耗魔 -8%",""
"筆-43","武器","筆","青冥筆","木","外界・秘境","依秘境層級","法體","毒傷","蝕骨","中毒傷害 +20%",""
"筆-44","武器","筆","東皇筆","木","外界・秘境","依秘境層級","靈動","毒傷","破甲","攻擊無視目標 10% 減傷",""
"筆-45","武器","筆","寒淵筆","水","外界・秘境","依秘境層級","玄妙","冰傷","吸血","傷害的 3% 轉為氣血",""
"筆-46","武器","筆","共工筆","水","外界・秘境","依秘境層級","雅致","冰傷","冰封","凍結時 30% 機率擴散到另一名敵人",""
"筆-47","武器","筆","赤帝筆","火","外界・秘境","依秘境層級","法體","火傷","橫掃","普攻 10% 機率波及全體 ×0.4",""
"筆-48","武器","筆","九鳳筆","火","外界・秘境","依秘境層級","靈動","火傷","首擊","每波第一擊傷害 +25%",""
"筆-49","武器","筆","泰山筆","土","外界・秘境","依秘境層級","玄妙","雷傷","連雷","雷擊時再劈另一名敵人 ×0.5",""
"筆-50","武器","筆","地藏筆","土","外界・秘境","依秘境層級","雅致","雷傷","剋敵","五行剋制時傷害再 +8%",""
"頭-01","防具","頭","精鋼冠","金","可製作・凡俗宗門","Lv10～100","厚重","減傷","護體","氣血低於 30% 時減傷 +8%",""
"頭-02","防具","頭","松紋盔","木","可製作・凡俗宗門","Lv10～100","靈動","減傷","先手盾","每波戰鬥前 2 回合減傷 +10%",""
"頭-03","防具","頭","寒鐵巾","水","可製作・凡俗宗門","Lv10～100","法體","減傷","回春","每回合回復 1% 氣血",""
"頭-04","防具","頭","赤銅冠","火","可製作・凡俗宗門","Lv10～100","均衡","減傷","回靈","每回合回復 1.5% 靈力",""
"頭-05","防具","頭","黃楊盔","土","可製作・凡俗宗門","Lv10～100","厚重","減傷","定神","被凍結機率 -15%",""
"頭-06","防具","頭","庚金巾","金","可製作・修真宗門","Lv200～500","靈動","減傷","閃擊","閃避後反擊一次 ×0.8",""
"頭-07","防具","頭","青元冠","木","可製作・修真宗門","Lv200～500","法體","減傷","金身","受到物理傷害 -6%",""
"頭-08","防具","頭","寒魄盔","水","可製作・修真宗門","Lv200～500","均衡","減傷","化勁","受到術法傷害 -6%",""
"頭-09","防具","頭","赤霄巾","火","可製作・修真宗門","Lv200～500","厚重","減傷","延壽","戰死折壽 -10%",""
"頭-10","防具","頭","鎮岳冠","土","可製作・修真宗門","Lv200～500","靈動","減傷","丹心","丹藥回復量 +15%",""
"頭-11","防具","頭","太白盔","金","可製作・至高宗門","Lv700～1000","法體","減傷","反震","受擊反彈 8% 傷害",""
"頭-12","防具","頭","建木巾","木","可製作・至高宗門","Lv700～1000","均衡","減傷","護體","氣血低於 30% 時減傷 +8%",""
"頭-13","防具","頭","玄冥冠","水","可製作・至高宗門","Lv700～1000","厚重","減傷","先手盾","每波戰鬥前 2 回合減傷 +10%",""
"頭-14","防具","頭","南明盔","火","可製作・至高宗門","Lv700～1000","靈動","減傷","回春","每回合回復 1% 氣血",""
"頭-15","防具","頭","后土巾","土","可製作・至高宗門","Lv700～1000","法體","減傷","回靈","每回合回復 1.5% 靈力",""
"頭-16","防具","頭","血刃冠","金","外界・奪寶","依人物等級","均衡","減傷","定神","被凍結機率 -15%",""
"頭-17","防具","頭","蠱毒盔","木","外界・奪寶","依人物等級","厚重","減傷","閃擊","閃避後反擊一次 ×0.8",""
"頭-18","防具","頭","幽冥巾","水","外界・奪寶","依人物等級","靈動","減傷","金身","受到物理傷害 -6%",""
"頭-19","防具","頭","血焰冠","火","外界・奪寶","依人物等級","法體","減傷","化勁","受到術法傷害 -6%",""
"頭-20","防具","頭","屍山盔","土","外界・奪寶","依人物等級","均衡","減傷","延壽","戰死折壽 -10%",""
"頭-21","防具","頭","鎏金巾","金","外界・拍賣","依人物等級","厚重","減傷","丹心","丹藥回復量 +15%",""
"頭-22","防具","頭","翡翠冠","木","外界・拍賣","依人物等級","靈動","減傷","反震","受擊反彈 8% 傷害",""
"頭-23","防具","頭","珍珠盔","水","外界・拍賣","依人物等級","法體","減傷","護體","氣血低於 30% 時減傷 +8%",""
"頭-24","防具","頭","瑪瑙巾","火","外界・拍賣","依人物等級","均衡","減傷","先手盾","每波戰鬥前 2 回合減傷 +10%",""
"頭-25","防具","頭","和闐冠","土","外界・拍賣","依人物等級","厚重","減傷","回春","每回合回復 1% 氣血",""
"頭-26","防具","頭","神霄盔","金","外界・秘境","依秘境層級","靈動","減傷","回靈","每回合回復 1.5% 靈力","神霄（法攻）"
"頭-27","防具","頭","太昊巾","木","外界・秘境","依秘境層級","法體","減傷","定神","被凍結機率 -15%","太昊（法攻）"
"頭-28","防具","頭","玄女冠","水","外界・秘境","依秘境層級","均衡","減傷","閃擊","閃避後反擊一次 ×0.8","玄女（法攻）"
"頭-29","防具","頭","羲和盔","火","外界・秘境","依秘境層級","厚重","減傷","金身","受到物理傷害 -6%","羲和（法攻）"
"頭-30","防具","頭","黃庭巾","土","外界・秘境","依秘境層級","靈動","減傷","化勁","受到術法傷害 -6%","黃庭（法攻）"
"頭-31","防具","頭","白帝冠","金","外界・秘境","依秘境層級","法體","減傷","延壽","戰死折壽 -10%","白帝（防禦）"
"頭-32","防具","頭","句芒盔","木","外界・秘境","依秘境層級","均衡","減傷","丹心","丹藥回復量 +15%","句芒（防禦）"
"頭-33","防具","頭","玄天巾","水","外界・秘境","依秘境層級","厚重","減傷","反震","受擊反彈 8% 傷害","玄天（防禦）"
"頭-34","防具","頭","炎帝冠","火","外界・秘境","依秘境層級","靈動","減傷","護體","氣血低於 30% 時減傷 +8%","炎帝（防禦）"
"頭-35","防具","頭","軒轅盔","土","外界・秘境","依秘境層級","法體","減傷","先手盾","每波戰鬥前 2 回合減傷 +10%","軒轅（防禦）"
"頭-36","防具","頭","紫霄巾","金","外界・秘境","依秘境層級","均衡","減傷","回春","每回合回復 1% 氣血",""
"頭-37","防具","頭","星隕冠","金","外界・秘境","依秘境層級","厚重","減傷","回靈","每回合回復 1.5% 靈力",""
"頭-38","防具","頭","破虛盔","金","外界・秘境","依秘境層級","靈動","減傷","定神","被凍結機率 -15%",""
"頭-39","防具","頭","生生巾","木","外界・秘境","依秘境層級","法體","減傷","閃擊","閃避後反擊一次 ×0.8",""
"頭-40","防具","頭","萬靈冠","木","外界・秘境","依秘境層級","均衡","減傷","金身","受到物理傷害 -6%",""
"頭-41","防具","頭","青虛盔","木","外界・秘境","依秘境層級","厚重","減傷","化勁","受到術法傷害 -6%",""
"頭-42","防具","頭","冰皇巾","水","外界・秘境","依秘境層級","靈動","減傷","延壽","戰死折壽 -10%",""
"頭-43","防具","頭","雪域冠","水","外界・秘境","依秘境層級","法體","減傷","丹心","丹藥回復量 +15%",""
"頭-44","防具","頭","龍宮盔","水","外界・秘境","依秘境層級","均衡","減傷","反震","受擊反彈 8% 傷害",""
"頭-45","防具","頭","熾天巾","火","外界・秘境","依秘境層級","厚重","減傷","護體","氣血低於 30% 時減傷 +8%",""
"頭-46","防具","頭","丹陽冠","火","外界・秘境","依秘境層級","靈動","減傷","先手盾","每波戰鬥前 2 回合減傷 +10%",""
"頭-47","防具","頭","火德盔","火","外界・秘境","依秘境層級","法體","減傷","回春","每回合回復 1% 氣血",""
"頭-48","防具","頭","乾坤巾","土","外界・秘境","依秘境層級","均衡","減傷","回靈","每回合回復 1.5% 靈力",""
"頭-49","防具","頭","太嶽冠","土","外界・秘境","依秘境層級","厚重","減傷","定神","被凍結機率 -15%",""
"頭-50","防具","頭","八荒盔","土","外界・秘境","依秘境層級","靈動","減傷","閃擊","閃避後反擊一次 ×0.8",""
"內衣-01","防具","內衣","青銅衣","金","可製作・凡俗宗門","Lv10～100","厚重","減傷","回春","每回合回復 1% 氣血",""
"內衣-02","防具","內衣","竹節軟甲","木","可製作・凡俗宗門","Lv10～100","剛柔","減傷","回靈","每回合回復 1.5% 靈力",""
"內衣-03","防具","內衣","秋水內襯","水","可製作・凡俗宗門","Lv10～100","法體","減傷","定神","被凍結機率 -15%",""
"內衣-04","防具","內衣","紅纓衣","火","可製作・凡俗宗門","Lv10～100","均衡","減傷","閃擊","閃避後反擊一次 ×0.8",""
"內衣-05","防具","內衣","石紋軟甲","土","可製作・凡俗宗門","Lv10～100","厚重","減傷","金身","受到物理傷害 -6%",""
"內衣-06","防具","內衣","斬魄內襯","金","可製作・修真宗門","Lv200～500","剛柔","減傷","化勁","受到術法傷害 -6%",""
"內衣-07","防具","內衣","碧落衣","木","可製作・修真宗門","Lv200～500","法體","減傷","延壽","戰死折壽 -10%",""
"內衣-08","防具","內衣","流雲軟甲","水","可製作・修真宗門","Lv200～500","均衡","減傷","丹心","丹藥回復量 +15%",""
"內衣-09","防具","內衣","焚天內襯","火","可製作・修真宗門","Lv200～500","厚重","減傷","反震","受擊反彈 8% 傷害",""
"內衣-10","防具","內衣","玄黃衣","土","可製作・修真宗門","Lv200～500","剛柔","減傷","護體","氣血低於 30% 時減傷 +8%",""
"內衣-11","防具","內衣","天罡軟甲","金","可製作・至高宗門","Lv700～1000","法體","減傷","先手盾","每波戰鬥前 2 回合減傷 +10%",""
"內衣-12","防具","內衣","扶桑內襯","木","可製作・至高宗門","Lv700～1000","均衡","減傷","回春","每回合回復 1% 氣血",""
"內衣-13","防具","內衣","北冥衣","水","可製作・至高宗門","Lv700～1000","厚重","減傷","回靈","每回合回復 1.5% 靈力",""
"內衣-14","防具","內衣","離火軟甲","火","可製作・至高宗門","Lv700～1000","剛柔","減傷","定神","被凍結機率 -15%",""
"內衣-15","防具","內衣","戊己內襯","土","可製作・至高宗門","Lv700～1000","法體","減傷","閃擊","閃避後反擊一次 ×0.8",""
"內衣-16","防具","內衣","奪魄衣","金","外界・奪寶","依人物等級","均衡","減傷","金身","受到物理傷害 -6%",""
"內衣-17","防具","內衣","噬心軟甲","木","外界・奪寶","依人物等級","厚重","減傷","化勁","受到術法傷害 -6%",""
"內衣-18","防具","內衣","黃泉內襯","水","外界・奪寶","依人物等級","剛柔","減傷","延壽","戰死折壽 -10%",""
"內衣-19","防具","內衣","魔焰衣","火","外界・奪寶","依人物等級","法體","減傷","丹心","丹藥回復量 +15%",""
"內衣-20","防具","內衣","白骨軟甲","土","外界・奪寶","依人物等級","均衡","減傷","反震","受擊反彈 8% 傷害",""
"內衣-21","防具","內衣","琉璃內襯","金","外界・拍賣","依人物等級","厚重","減傷","護體","氣血低於 30% 時減傷 +8%",""
"內衣-22","防具","內衣","沉香衣","木","外界・拍賣","依人物等級","剛柔","減傷","先手盾","每波戰鬥前 2 回合減傷 +10%",""
"內衣-23","防具","內衣","水晶軟甲","水","外界・拍賣","依人物等級","法體","減傷","回春","每回合回復 1% 氣血",""
"內衣-24","防具","內衣","珊瑚內襯","火","外界・拍賣","依人物等級","均衡","減傷","回靈","每回合回復 1.5% 靈力",""
"內衣-25","防具","內衣","黃玉衣","土","外界・拍賣","依人物等級","厚重","減傷","定神","被凍結機率 -15%",""
"內衣-26","防具","內衣","白帝軟甲","金","外界・秘境","依秘境層級","剛柔","減傷","閃擊","閃避後反擊一次 ×0.8","白帝（防禦）"
"內衣-27","防具","內衣","句芒內襯","木","外界・秘境","依秘境層級","法體","減傷","金身","受到物理傷害 -6%","句芒（防禦）"
"內衣-28","防具","內衣","玄天衣","水","外界・秘境","依秘境層級","均衡","減傷","化勁","受到術法傷害 -6%","玄天（防禦）"
"內衣-29","防具","內衣","炎帝軟甲","火","外界・秘境","依秘境層級","厚重","減傷","延壽","戰死折壽 -10%","炎帝（防禦）"
"內衣-30","防具","內衣","軒轅內襯","土","外界・秘境","依秘境層級","剛柔","減傷","丹心","丹藥回復量 +15%","軒轅（防禦）"
"內衣-31","防具","內衣","大衍衣","金","外界・秘境","依秘境層級","法體","減傷","反震","受擊反彈 8% 傷害","大衍（收益）"
"內衣-32","防具","內衣","蓬萊軟甲","木","外界・秘境","依秘境層級","均衡","減傷","護體","氣血低於 30% 時減傷 +8%","蓬萊（收益）"
"內衣-33","防具","內衣","歸墟內襯","水","外界・秘境","依秘境層級","厚重","減傷","先手盾","每波戰鬥前 2 回合減傷 +10%","歸墟（收益）"
"內衣-34","防具","內衣","丹霄衣","火","外界・秘境","依秘境層級","剛柔","減傷","回春","每回合回復 1% 氣血","丹霄（收益）"
"內衣-35","防具","內衣","萬壽軟甲","土","外界・秘境","依秘境層級","法體","減傷","回靈","每回合回復 1.5% 靈力","萬壽（收益）"
"內衣-36","防具","內衣","斷界內襯","金","外界・秘境","依秘境層級","均衡","減傷","定神","被凍結機率 -15%",""
"內衣-37","防具","內衣","萬劍衣","金","外界・秘境","依秘境層級","厚重","減傷","閃擊","閃避後反擊一次 ×0.8",""
"內衣-38","防具","內衣","金烏軟甲","金","外界・秘境","依秘境層級","剛柔","減傷","金身","受到物理傷害 -6%",""
"內衣-39","防具","內衣","靈樞內襯","木","外界・秘境","依秘境層級","法體","減傷","化勁","受到術法傷害 -6%",""
"內衣-40","防具","內衣","碧霄衣","木","外界・秘境","依秘境層級","均衡","減傷","延壽","戰死折壽 -10%",""
"內衣-41","防具","內衣","長春軟甲","木","外界・秘境","依秘境層級","厚重","減傷","丹心","丹藥回復量 +15%",""
"內衣-42","防具","內衣","四海內襯","水","外界・秘境","依秘境層級","剛柔","減傷","反震","受擊反彈 8% 傷害",""
"內衣-43","防具","內衣","月魄衣","水","外界・秘境","依秘境層級","法體","減傷","護體","氣血低於 30% 時減傷 +8%",""
"內衣-44","防具","內衣","星河軟甲","水","外界・秘境","依秘境層級","均衡","減傷","先手盾","每波戰鬥前 2 回合減傷 +10%",""
"內衣-45","防具","內衣","赤明內襯","火","外界・秘境","依秘境層級","厚重","減傷","回春","每回合回復 1% 氣血",""
"內衣-46","防具","內衣","朝陽衣","火","外界・秘境","依秘境層級","剛柔","減傷","回靈","每回合回復 1.5% 靈力",""
"內衣-47","防具","內衣","焰魔軟甲","火","外界・秘境","依秘境層級","法體","減傷","定神","被凍結機率 -15%",""
"內衣-48","防具","內衣","洪荒內襯","土","外界・秘境","依秘境層級","均衡","減傷","閃擊","閃避後反擊一次 ×0.8",""
"內衣-49","防具","內衣","鎮獄衣","土","外界・秘境","依秘境層級","厚重","減傷","金身","受到物理傷害 -6%",""
"內衣-50","防具","內衣","山海軟甲","土","外界・秘境","依秘境層級","剛柔","減傷","化勁","受到術法傷害 -6%",""
"盔甲-01","防具","盔甲","鐵骨甲","金","可製作・凡俗宗門","Lv10～100","厚重","減傷（×1.5）","定神","被凍結機率 -15%",""
"盔甲-02","防具","盔甲","桑木戰甲","木","可製作・凡俗宗門","Lv10～100","剛柔","減傷（×1.5）","閃擊","閃避後反擊一次 ×0.8",""
"盔甲-03","防具","盔甲","冷泉鎧","水","可製作・凡俗宗門","Lv10～100","法體","減傷（×1.5）","金身","受到物理傷害 -6%",""
"盔甲-04","防具","盔甲","烈陽甲","火","可製作・凡俗宗門","Lv10～100","均衡","減傷（×1.5）","化勁","受到術法傷害 -6%",""
"盔甲-05","防具","盔甲","厚土戰甲","土","可製作・凡俗宗門","Lv10～100","厚重","減傷（×1.5）","延壽","戰死折壽 -10%",""
"盔甲-06","防具","盔甲","破軍鎧","金","可製作・修真宗門","Lv200～500","剛柔","減傷（×1.5）","丹心","丹藥回復量 +15%",""
"盔甲-07","防具","盔甲","長青甲","木","可製作・修真宗門","Lv200～500","法體","減傷（×1.5）","反震","受擊反彈 8% 傷害",""
"盔甲-08","防具","盔甲","冰魄戰甲","水","可製作・修真宗門","Lv200～500","均衡","減傷（×1.5）","護體","氣血低於 30% 時減傷 +8%",""
"盔甲-09","防具","盔甲","流火鎧","火","可製作・修真宗門","Lv200～500","厚重","減傷（×1.5）","先手盾","每波戰鬥前 2 回合減傷 +10%",""
"盔甲-10","防具","盔甲","山河甲","土","可製作・修真宗門","Lv200～500","剛柔","減傷（×1.5）","回春","每回合回復 1% 氣血",""
"盔甲-11","防具","盔甲","誅邪戰甲","金","可製作・至高宗門","Lv700～1000","法體","減傷（×1.5）","回靈","每回合回復 1.5% 靈力",""
"盔甲-12","防具","盔甲","青帝鎧","木","可製作・至高宗門","Lv700～1000","均衡","減傷（×1.5）","定神","被凍結機率 -15%",""
"盔甲-13","防具","盔甲","天河甲","水","可製作・至高宗門","Lv700～1000","厚重","減傷（×1.5）","閃擊","閃避後反擊一次 ×0.8",""
"盔甲-14","防具","盔甲","朱雀戰甲","火","可製作・至高宗門","Lv700～1000","剛柔","減傷（×1.5）","金身","受到物理傷害 -6%",""
"盔甲-15","防具","盔甲","崑崙鎧","土","可製作・至高宗門","Lv700～1000","法體","減傷（×1.5）","化勁","受到術法傷害 -6%",""
"盔甲-16","防具","盔甲","鬼哭甲","金","外界・奪寶","依人物等級","均衡","減傷（×1.5）","延壽","戰死折壽 -10%",""
"盔甲-17","防具","盔甲","鬼藤戰甲","木","外界・奪寶","依人物等級","厚重","減傷（×1.5）","丹心","丹藥回復量 +15%",""
"盔甲-18","防具","盔甲","冥河鎧","水","外界・奪寶","依人物等級","剛柔","減傷（×1.5）","反震","受擊反彈 8% 傷害",""
"盔甲-19","防具","盔甲","焚魂甲","火","外界・奪寶","依人物等級","法體","減傷（×1.5）","護體","氣血低於 30% 時減傷 +8%",""
"盔甲-20","防具","盔甲","墳土戰甲","土","外界・奪寶","依人物等級","均衡","減傷（×1.5）","先手盾","每波戰鬥前 2 回合減傷 +10%",""
"盔甲-21","防具","盔甲","珍瓏鎧","金","外界・拍賣","依人物等級","厚重","減傷（×1.5）","回春","每回合回復 1% 氣血",""
"盔甲-22","防具","盔甲","紫檀甲","木","外界・拍賣","依人物等級","剛柔","減傷（×1.5）","回靈","每回合回復 1.5% 靈力",""
"盔甲-23","防具","盔甲","冰玉戰甲","水","外界・拍賣","依人物等級","法體","減傷（×1.5）","定神","被凍結機率 -15%",""
"盔甲-24","防具","盔甲","赤玉鎧","火","外界・拍賣","依人物等級","均衡","減傷（×1.5）","閃擊","閃避後反擊一次 ×0.8",""
"盔甲-25","防具","盔甲","玳瑁甲","土","外界・拍賣","依人物等級","厚重","減傷（×1.5）","金身","受到物理傷害 -6%",""
"盔甲-26","防具","盔甲","太乙戰甲","金","外界・秘境","依秘境層級","剛柔","減傷（×1.5）","化勁","受到術法傷害 -6%","太乙（物攻）"
"盔甲-27","防具","盔甲","蒼龍鎧","木","外界・秘境","依秘境層級","法體","減傷（×1.5）","延壽","戰死折壽 -10%","蒼龍（物攻）"
"盔甲-28","防具","盔甲","真武甲","水","外界・秘境","依秘境層級","均衡","減傷（×1.5）","丹心","丹藥回復量 +15%","真武（物攻）"
"盔甲-29","防具","盔甲","祝融戰甲","火","外界・秘境","依秘境層級","厚重","減傷（×1.5）","反震","受擊反彈 8% 傷害","祝融（物攻）"
"盔甲-30","防具","盔甲","盤古鎧","土","外界・秘境","依秘境層級","剛柔","減傷（×1.5）","護體","氣血低於 30% 時減傷 +8%","盤古（物攻）"
"盔甲-31","防具","盔甲","白帝甲","金","外界・秘境","依秘境層級","法體","減傷（×1.5）","先手盾","每波戰鬥前 2 回合減傷 +10%","白帝（防禦）"
"盔甲-32","防具","盔甲","句芒戰甲","木","外界・秘境","依秘境層級","均衡","減傷（×1.5）","回春","每回合回復 1% 氣血","句芒（防禦）"
"盔甲-33","防具","盔甲","玄天鎧","水","外界・秘境","依秘境層級","厚重","減傷（×1.5）","回靈","每回合回復 1.5% 靈力","玄天（防禦）"
"盔甲-34","防具","盔甲","炎帝甲","火","外界・秘境","依秘境層級","剛柔","減傷（×1.5）","定神","被凍結機率 -15%","炎帝（防禦）"
"盔甲-35","防具","盔甲","軒轅戰甲","土","外界・秘境","依秘境層級","法體","減傷（×1.5）","閃擊","閃避後反擊一次 ×0.8","軒轅（防禦）"
"盔甲-36","防具","盔甲","西極鎧","金","外界・秘境","依秘境層級","均衡","減傷（×1.5）","金身","受到物理傷害 -6%",""
"盔甲-37","防具","盔甲","天刑甲","金","外界・秘境","依秘境層級","厚重","減傷（×1.5）","化勁","受到術法傷害 -6%",""
"盔甲-38","防具","盔甲","無量戰甲","金","外界・秘境","依秘境層級","剛柔","減傷（×1.5）","延壽","戰死折壽 -10%",""
"盔甲-39","防具","盔甲","九嶷鎧","木","外界・秘境","依秘境層級","法體","減傷（×1.5）","丹心","丹藥回復量 +15%",""
"盔甲-40","防具","盔甲","瀛洲甲","木","外界・秘境","依秘境層級","均衡","減傷（×1.5）","反震","受擊反彈 8% 傷害",""
"盔甲-41","防具","盔甲","方丈戰甲","木","外界・秘境","依秘境層級","厚重","減傷（×1.5）","護體","氣血低於 30% 時減傷 +8%",""
"盔甲-42","防具","盔甲","天潢鎧","水","外界・秘境","依秘境層級","剛柔","減傷（×1.5）","先手盾","每波戰鬥前 2 回合減傷 +10%",""
"盔甲-43","防具","盔甲","太虛甲","水","外界・秘境","依秘境層級","法體","減傷（×1.5）","回春","每回合回復 1% 氣血",""
"盔甲-44","防具","盔甲","靈霄戰甲","水","外界・秘境","依秘境層級","均衡","減傷（×1.5）","回靈","每回合回復 1.5% 靈力",""
"盔甲-45","防具","盔甲","鳳凰鎧","火","外界・秘境","依秘境層級","厚重","減傷（×1.5）","定神","被凍結機率 -15%",""
"盔甲-46","防具","盔甲","陽燧甲","火","外界・秘境","依秘境層級","剛柔","減傷（×1.5）","閃擊","閃避後反擊一次 ×0.8",""
"盔甲-47","防具","盔甲","離明戰甲","火","外界・秘境","依秘境層級","法體","減傷（×1.5）","金身","受到物理傷害 -6%",""
"盔甲-48","防具","盔甲","玄穹鎧","土","外界・秘境","依秘境層級","均衡","減傷（×1.5）","化勁","受到術法傷害 -6%",""
"盔甲-49","防具","盔甲","中州甲","土","外界・秘境","依秘境層級","厚重","減傷（×1.5）","延壽","戰死折壽 -10%",""
"盔甲-50","防具","盔甲","大荒戰甲","土","外界・秘境","依秘境層級","剛柔","減傷（×1.5）","丹心","丹藥回復量 +15%",""
"手套-01","防具","手套","白銅護手","金","可製作・凡俗宗門","Lv10～100","剛柔","減傷","金身","受到物理傷害 -6%",""
"手套-02","防具","手套","青藤手套","木","可製作・凡俗宗門","Lv10～100","剛猛","減傷","化勁","受到術法傷害 -6%",""
"手套-03","防具","手套","碧波指套","水","可製作・凡俗宗門","Lv10～100","厚重","減傷","延壽","戰死折壽 -10%",""
"手套-04","防具","手套","丹霞護手","火","可製作・凡俗宗門","Lv10～100","均衡","減傷","丹心","丹藥回復量 +15%",""
"手套-05","防具","手套","山紋手套","土","可製作・凡俗宗門","Lv10～100","剛柔","減傷","反震","受擊反彈 8% 傷害",""
"手套-06","防具","手套","流光指套","金","可製作・修真宗門","Lv200～500","剛猛","減傷","護體","氣血低於 30% 時減傷 +8%",""
"手套-07","防具","手套","蒼松護手","木","可製作・修真宗門","Lv200～500","厚重","減傷","先手盾","每波戰鬥前 2 回合減傷 +10%",""
"手套-08","防具","手套","滄浪手套","水","可製作・修真宗門","Lv200～500","均衡","減傷","回春","每回合回復 1% 氣血",""
"手套-09","防具","手套","炎陽指套","火","可製作・修真宗門","Lv200～500","剛柔","減傷","回靈","每回合回復 1.5% 靈力",""
"手套-10","防具","手套","磐石護手","土","可製作・修真宗門","Lv200～500","剛猛","減傷","定神","被凍結機率 -15%",""
"手套-11","防具","手套","金闕手套","金","可製作・至高宗門","Lv700～1000","厚重","減傷","閃擊","閃避後反擊一次 ×0.8",""
"手套-12","防具","手套","萬木指套","木","可製作・至高宗門","Lv700～1000","均衡","減傷","金身","受到物理傷害 -6%",""
"手套-13","防具","手套","弱水護手","水","可製作・至高宗門","Lv700～1000","剛柔","減傷","化勁","受到術法傷害 -6%",""
"手套-14","防具","手套","九陽手套","火","可製作・至高宗門","Lv700～1000","剛猛","減傷","延壽","戰死折壽 -10%",""
"手套-15","防具","手套","不周指套","土","可製作・至高宗門","Lv700～1000","厚重","減傷","丹心","丹藥回復量 +15%",""
"手套-16","防具","手套","修羅護手","金","外界・奪寶","依人物等級","均衡","減傷","反震","受擊反彈 8% 傷害",""
"手套-17","防具","手套","血藤手套","木","外界・奪寶","依人物等級","剛柔","減傷","護體","氣血低於 30% 時減傷 +8%",""
"手套-18","防具","手套","陰煞指套","水","外界・奪寶","依人物等級","剛猛","減傷","先手盾","每波戰鬥前 2 回合減傷 +10%",""
"手套-19","防具","手套","煉獄護手","火","外界・奪寶","依人物等級","厚重","減傷","回春","每回合回復 1% 氣血",""
"手套-20","防具","手套","骷髏手套","土","外界・奪寶","依人物等級","均衡","減傷","回靈","每回合回復 1.5% 靈力",""
"手套-21","防具","手套","紫金指套","金","外界・拍賣","依人物等級","剛柔","減傷","定神","被凍結機率 -15%",""
"手套-22","防具","手套","檀香護手","木","外界・拍賣","依人物等級","剛猛","減傷","閃擊","閃避後反擊一次 ×0.8",""
"手套-23","防具","手套","月華手套","水","外界・拍賣","依人物等級","厚重","減傷","金身","受到物理傷害 -6%",""
"手套-24","防具","手套","霞光指套","火","外界・拍賣","依人物等級","均衡","減傷","化勁","受到術法傷害 -6%",""
"手套-25","防具","手套","墨玉護手","土","外界・拍賣","依人物等級","剛柔","減傷","延壽","戰死折壽 -10%",""
"手套-26","防具","手套","太乙手套","金","外界・秘境","依秘境層級","剛猛","減傷","丹心","丹藥回復量 +15%","太乙（物攻）"
"手套-27","防具","手套","蒼龍指套","木","外界・秘境","依秘境層級","厚重","減傷","反震","受擊反彈 8% 傷害","蒼龍（物攻）"
"手套-28","防具","手套","真武護手","水","外界・秘境","依秘境層級","均衡","減傷","護體","氣血低於 30% 時減傷 +8%","真武（物攻）"
"手套-29","防具","手套","祝融手套","火","外界・秘境","依秘境層級","剛柔","減傷","先手盾","每波戰鬥前 2 回合減傷 +10%","祝融（物攻）"
"手套-30","防具","手套","盤古指套","土","外界・秘境","依秘境層級","剛猛","減傷","回春","每回合回復 1% 氣血","盤古（物攻）"
"手套-31","防具","手套","天樞護手","金","外界・秘境","依秘境層級","厚重","減傷","回靈","每回合回復 1.5% 靈力","天樞（閃避）"
"手套-32","防具","手套","瑤光手套","木","外界・秘境","依秘境層級","均衡","減傷","定神","被凍結機率 -15%","瑤光（閃避）"
"手套-33","防具","手套","洛神指套","水","外界・秘境","依秘境層級","剛柔","減傷","閃擊","閃避後反擊一次 ×0.8","洛神（閃避）"
"手套-34","防具","手套","畢方護手","火","外界・秘境","依秘境層級","剛猛","減傷","金身","受到物理傷害 -6%","畢方（閃避）"
"手套-35","防具","手套","須彌手套","土","外界・秘境","依秘境層級","厚重","減傷","化勁","受到術法傷害 -6%","須彌（閃避）"
"手套-36","防具","手套","九霄指套","金","外界・秘境","依秘境層級","均衡","減傷","延壽","戰死折壽 -10%",""
"手套-37","防具","手套","太初護手","金","外界・秘境","依秘境層級","剛柔","減傷","丹心","丹藥回復量 +15%",""
"手套-38","防具","手套","開天手套","金","外界・秘境","依秘境層級","剛猛","減傷","反震","受擊反彈 8% 傷害",""
"手套-39","防具","手套","花神指套","木","外界・秘境","依秘境層級","厚重","減傷","護體","氣血低於 30% 時減傷 +8%",""
"手套-40","防具","手套","鴻蒙護手","木","外界・秘境","依秘境層級","均衡","減傷","先手盾","每波戰鬥前 2 回合減傷 +10%",""
"手套-41","防具","手套","青冥手套","木","外界・秘境","依秘境層級","剛柔","減傷","回春","每回合回復 1% 氣血",""
"手套-42","防具","手套","碧海指套","水","外界・秘境","依秘境層級","剛猛","減傷","回靈","每回合回復 1.5% 靈力",""
"手套-43","防具","手套","北斗護手","水","外界・秘境","依秘境層級","厚重","減傷","定神","被凍結機率 -15%",""
"手套-44","防具","手套","寒淵手套","水","外界・秘境","依秘境層級","均衡","減傷","閃擊","閃避後反擊一次 ×0.8",""
"手套-45","防具","手套","熒惑指套","火","外界・秘境","依秘境層級","剛柔","減傷","金身","受到物理傷害 -6%",""
"手套-46","防具","手套","燭龍護手","火","外界・秘境","依秘境層級","剛猛","減傷","化勁","受到術法傷害 -6%",""
"手套-47","防具","手套","赤帝手套","火","外界・秘境","依秘境層級","厚重","減傷","延壽","戰死折壽 -10%",""
"手套-48","防具","手套","崆峒指套","土","外界・秘境","依秘境層級","均衡","減傷","丹心","丹藥回復量 +15%",""
"手套-49","防具","手套","坤輿護手","土","外界・秘境","依秘境層級","剛柔","減傷","反震","受擊反彈 8% 傷害",""
"手套-50","防具","手套","泰山手套","土","外界・秘境","依秘境層級","剛猛","減傷","護體","氣血低於 30% 時減傷 +8%",""
"長靴-01","防具","長靴","銀紋靴","金","可製作・凡俗宗門","Lv10～100","靈動","減傷","延壽","戰死折壽 -10%",""
"長靴-02","防具","長靴","柳葉履","木","可製作・凡俗宗門","Lv10～100","厚重","減傷","丹心","丹藥回復量 +15%",""
"長靴-03","防具","長靴","霜紋靴","水","可製作・凡俗宗門","Lv10～100","均衡","減傷","反震","受擊反彈 8% 傷害",""
"長靴-04","防具","長靴","火紋履","火","可製作・凡俗宗門","Lv10～100","剛柔","減傷","護體","氣血低於 30% 時減傷 +8%",""
"長靴-05","防具","長靴","岩骨靴","土","可製作・凡俗宗門","Lv10～100","靈動","減傷","先手盾","每波戰鬥前 2 回合減傷 +10%",""
"長靴-06","防具","長靴","金蟬履","金","可製作・修真宗門","Lv200～500","厚重","減傷","回春","每回合回復 1% 氣血",""
"長靴-07","防具","長靴","翠微靴","木","可製作・修真宗門","Lv200～500","均衡","減傷","回靈","每回合回復 1.5% 靈力",""
"長靴-08","防具","長靴","玄冰履","水","可製作・修真宗門","Lv200～500","剛柔","減傷","定神","被凍結機率 -15%",""
"長靴-09","防具","長靴","火鳳靴","火","可製作・修真宗門","Lv200～500","靈動","減傷","閃擊","閃避後反擊一次 ×0.8",""
"長靴-10","防具","長靴","坤元履","土","可製作・修真宗門","Lv200～500","厚重","減傷","金身","受到物理傷害 -6%",""
"長靴-11","防具","長靴","斬仙靴","金","可製作・至高宗門","Lv700～1000","均衡","減傷","化勁","受到術法傷害 -6%",""
"長靴-12","防具","長靴","乙木履","木","可製作・至高宗門","Lv700～1000","剛柔","減傷","延壽","戰死折壽 -10%",""
"長靴-13","防具","長靴","滄溟靴","水","可製作・至高宗門","Lv700～1000","靈動","減傷","丹心","丹藥回復量 +15%",""
"長靴-14","防具","長靴","太陽履","火","可製作・至高宗門","Lv700～1000","厚重","減傷","反震","受擊反彈 8% 傷害",""
"長靴-15","防具","長靴","息壤靴","土","可製作・至高宗門","Lv700～1000","均衡","減傷","護體","氣血低於 30% 時減傷 +8%",""
"長靴-16","防具","長靴","追魂履","金","外界・奪寶","依人物等級","剛柔","減傷","先手盾","每波戰鬥前 2 回合減傷 +10%",""
"長靴-17","防具","長靴","腐骨靴","木","外界・奪寶","依人物等級","靈動","減傷","回春","每回合回復 1% 氣血",""
"長靴-18","防具","長靴","寒屍履","水","外界・奪寶","依人物等級","厚重","減傷","回靈","每回合回復 1.5% 靈力",""
"長靴-19","防具","長靴","赤魔靴","火","外界・奪寶","依人物等級","均衡","減傷","定神","被凍結機率 -15%",""
"長靴-20","防具","長靴","魔岩履","土","外界・奪寶","依人物等級","剛柔","減傷","閃擊","閃避後反擊一次 ×0.8",""
"長靴-21","防具","長靴","金縷靴","金","外界・拍賣","依人物等級","靈動","減傷","金身","受到物理傷害 -6%",""
"長靴-22","防具","長靴","碧玉履","木","外界・拍賣","依人物等級","厚重","減傷","化勁","受到術法傷害 -6%",""
"長靴-23","防具","長靴","鮫綃靴","水","外界・拍賣","依人物等級","均衡","減傷","延壽","戰死折壽 -10%",""
"長靴-24","防具","長靴","琥珀履","火","外界・拍賣","依人物等級","剛柔","減傷","丹心","丹藥回復量 +15%",""
"長靴-25","防具","長靴","田黃靴","土","外界・拍賣","依人物等級","靈動","減傷","反震","受擊反彈 8% 傷害",""
"長靴-26","防具","長靴","白帝履","金","外界・秘境","依秘境層級","厚重","減傷","護體","氣血低於 30% 時減傷 +8%","白帝（防禦）"
"長靴-27","防具","長靴","句芒靴","木","外界・秘境","依秘境層級","均衡","減傷","先手盾","每波戰鬥前 2 回合減傷 +10%","句芒（防禦）"
"長靴-28","防具","長靴","玄天履","水","外界・秘境","依秘境層級","剛柔","減傷","回春","每回合回復 1% 氣血","玄天（防禦）"
"長靴-29","防具","長靴","炎帝靴","火","外界・秘境","依秘境層級","靈動","減傷","回靈","每回合回復 1.5% 靈力","炎帝（防禦）"
"長靴-30","防具","長靴","軒轅履","土","外界・秘境","依秘境層級","厚重","減傷","定神","被凍結機率 -15%","軒轅（防禦）"
"長靴-31","防具","長靴","天樞靴","金","外界・秘境","依秘境層級","均衡","減傷","閃擊","閃避後反擊一次 ×0.8","天樞（閃避）"
"長靴-32","防具","長靴","瑤光履","木","外界・秘境","依秘境層級","剛柔","減傷","金身","受到物理傷害 -6%","瑤光（閃避）"
"長靴-33","防具","長靴","洛神靴","水","外界・秘境","依秘境層級","靈動","減傷","化勁","受到術法傷害 -6%","洛神（閃避）"
"長靴-34","防具","長靴","畢方履","火","外界・秘境","依秘境層級","厚重","減傷","延壽","戰死折壽 -10%","畢方（閃避）"
"長靴-35","防具","長靴","須彌靴","土","外界・秘境","依秘境層級","均衡","減傷","丹心","丹藥回復量 +15%","須彌（閃避）"
"長靴-36","防具","長靴","陷仙履","金","外界・秘境","依秘境層級","剛柔","減傷","反震","受擊反彈 8% 傷害",""
"長靴-37","防具","長靴","絕仙靴","金","外界・秘境","依秘境層級","靈動","減傷","護體","氣血低於 30% 時減傷 +8%",""
"長靴-38","防具","長靴","紫霄履","金","外界・秘境","依秘境層級","厚重","減傷","先手盾","每波戰鬥前 2 回合減傷 +10%",""
"長靴-39","防具","長靴","東皇靴","木","外界・秘境","依秘境層級","均衡","減傷","回春","每回合回復 1% 氣血",""
"長靴-40","防具","長靴","木德履","木","外界・秘境","依秘境層級","剛柔","減傷","回靈","每回合回復 1.5% 靈力",""
"長靴-41","防具","長靴","生生靴","木","外界・秘境","依秘境層級","靈動","減傷","定神","被凍結機率 -15%",""
"長靴-42","防具","長靴","共工履","水","外界・秘境","依秘境層級","厚重","減傷","閃擊","閃避後反擊一次 ×0.8",""
"長靴-43","防具","長靴","天一靴","水","外界・秘境","依秘境層級","均衡","減傷","金身","受到物理傷害 -6%",""
"長靴-44","防具","長靴","冰皇履","水","外界・秘境","依秘境層級","剛柔","減傷","化勁","受到術法傷害 -6%",""
"長靴-45","防具","長靴","九鳳靴","火","外界・秘境","依秘境層級","靈動","減傷","延壽","戰死折壽 -10%",""
"長靴-46","防具","長靴","天火履","火","外界・秘境","依秘境層級","厚重","減傷","丹心","丹藥回復量 +15%",""
"長靴-47","防具","長靴","熾天靴","火","外界・秘境","依秘境層級","均衡","減傷","反震","受擊反彈 8% 傷害",""
"長靴-48","防具","長靴","地藏履","土","外界・秘境","依秘境層級","剛柔","減傷","護體","氣血低於 30% 時減傷 +8%",""
"長靴-49","防具","長靴","厚德靴","土","外界・秘境","依秘境層級","靈動","減傷","先手盾","每波戰鬥前 2 回合減傷 +10%",""
"長靴-50","防具","長靴","乾坤履","土","外界・秘境","依秘境層級","厚重","減傷","回春","每回合回復 1% 氣血",""
"披風-01","防具","披風","鎏銀披風","金","可製作・凡俗宗門","Lv10～100","法體","減傷","反震","受擊反彈 8% 傷害",""
"披風-02","防具","披風","棗木斗篷","木","可製作・凡俗宗門","Lv10～100","靈動","減傷","護體","氣血低於 30% 時減傷 +8%",""
"披風-03","防具","披風","淡月羽衣","水","可製作・凡俗宗門","Lv10～100","厚重","減傷","先手盾","每波戰鬥前 2 回合減傷 +10%",""
"披風-04","防具","披風","朱漆披風","火","可製作・凡俗宗門","Lv10～100","雅致","減傷","回春","每回合回復 1% 氣血",""
"披風-05","防具","披風","黃沙斗篷","土","可製作・凡俗宗門","Lv10～100","法體","減傷","回靈","每回合回復 1.5% 靈力",""
"披風-06","防具","披風","白虹羽衣","金","可製作・修真宗門","Lv200～500","靈動","減傷","定神","被凍結機率 -15%",""
"披風-07","防具","披風","靈藤披風","木","可製作・修真宗門","Lv200～500","厚重","減傷","閃擊","閃避後反擊一次 ×0.8",""
"披風-08","防具","披風","凌波斗篷","水","可製作・修真宗門","Lv200～500","雅致","減傷","金身","受到物理傷害 -6%",""
"披風-09","防具","披風","紫焰羽衣","火","可製作・修真宗門","Lv200～500","法體","減傷","化勁","受到術法傷害 -6%",""
"披風-10","防具","披風","岳峙披風","土","可製作・修真宗門","Lv200～500","靈動","減傷","延壽","戰死折壽 -10%",""
"披風-11","防具","披風","裂空斗篷","金","可製作・至高宗門","Lv700～1000","厚重","減傷","丹心","丹藥回復量 +15%",""
"披風-12","防具","披風","長生羽衣","木","可製作・至高宗門","Lv700～1000","雅致","減傷","反震","受擊反彈 8% 傷害",""
"披風-13","防具","披風","癸水披風","水","可製作・至高宗門","Lv700～1000","法體","減傷","護體","氣血低於 30% 時減傷 +8%",""
"披風-14","防具","披風","丙火斗篷","火","可製作・至高宗門","Lv700～1000","靈動","減傷","先手盾","每波戰鬥前 2 回合減傷 +10%",""
"披風-15","防具","披風","玄武羽衣","土","可製作・至高宗門","Lv700～1000","厚重","減傷","回春","每回合回復 1% 氣血",""
"披風-16","防具","披風","殺生披風","金","外界・奪寶","依人物等級","雅致","減傷","回靈","每回合回復 1.5% 靈力",""
"披風-17","防具","披風","屍木斗篷","木","外界・奪寶","依人物等級","法體","減傷","定神","被凍結機率 -15%",""
"披風-18","防具","披風","鬼霧羽衣","水","外界・奪寶","依人物等級","靈動","減傷","閃擊","閃避後反擊一次 ×0.8",""
"披風-19","防具","披風","業火披風","火","外界・奪寶","依人物等級","厚重","減傷","金身","受到物理傷害 -6%",""
"披風-20","防具","披風","黑沙斗篷","土","外界・奪寶","依人物等級","雅致","減傷","化勁","受到術法傷害 -6%",""
"披風-21","防具","披風","玲瓏羽衣","金","外界・拍賣","依人物等級","法體","減傷","延壽","戰死折壽 -10%",""
"披風-22","防具","披風","蘭亭披風","木","外界・拍賣","依人物等級","靈動","減傷","丹心","丹藥回復量 +15%",""
"披風-23","防具","披風","明珠斗篷","水","外界・拍賣","依人物等級","厚重","減傷","反震","受擊反彈 8% 傷害",""
"披風-24","防具","披風","丹鳳羽衣","火","外界・拍賣","依人物等級","雅致","減傷","護體","氣血低於 30% 時減傷 +8%",""
"披風-25","防具","披風","雲錦披風","土","外界・拍賣","依人物等級","法體","減傷","先手盾","每波戰鬥前 2 回合減傷 +10%",""
"披風-26","防具","披風","神霄斗篷","金","外界・秘境","依秘境層級","靈動","減傷","回春","每回合回復 1% 氣血","神霄（法攻）"
"披風-27","防具","披風","太昊羽衣","木","外界・秘境","依秘境層級","厚重","減傷","回靈","每回合回復 1.5% 靈力","太昊（法攻）"
"披風-28","防具","披風","玄女披風","水","外界・秘境","依秘境層級","雅致","減傷","定神","被凍結機率 -15%","玄女（法攻）"
"披風-29","防具","披風","羲和斗篷","火","外界・秘境","依秘境層級","法體","減傷","閃擊","閃避後反擊一次 ×0.8","羲和（法攻）"
"披風-30","防具","披風","黃庭羽衣","土","外界・秘境","依秘境層級","靈動","減傷","金身","受到物理傷害 -6%","黃庭（法攻）"
"披風-31","防具","披風","天樞披風","金","外界・秘境","依秘境層級","厚重","減傷","化勁","受到術法傷害 -6%","天樞（閃避）"
"披風-32","防具","披風","瑤光斗篷","木","外界・秘境","依秘境層級","雅致","減傷","延壽","戰死折壽 -10%","瑤光（閃避）"
"披風-33","防具","披風","洛神羽衣","水","外界・秘境","依秘境層級","法體","減傷","丹心","丹藥回復量 +15%","洛神（閃避）"
"披風-34","防具","披風","畢方披風","火","外界・秘境","依秘境層級","靈動","減傷","反震","受擊反彈 8% 傷害","畢方（閃避）"
"披風-35","防具","披風","須彌斗篷","土","外界・秘境","依秘境層級","厚重","減傷","護體","氣血低於 30% 時減傷 +8%","須彌（閃避）"
"披風-36","防具","披風","風雷翅","金","外界・秘境","依秘境層級","雅致","減傷","先手盾","每波戰鬥前 2 回合減傷 +10%",""
"披風-37","防具","披風","破虛披風","金","外界・秘境","依秘境層級","法體","減傷","回春","每回合回復 1% 氣血",""
"披風-38","防具","披風","斷界斗篷","金","外界・秘境","依秘境層級","靈動","減傷","回靈","每回合回復 1.5% 靈力",""
"披風-39","防具","披風","萬靈羽衣","木","外界・秘境","依秘境層級","厚重","減傷","定神","被凍結機率 -15%",""
"披風-40","防具","披風","青虛披風","木","外界・秘境","依秘境層級","雅致","減傷","閃擊","閃避後反擊一次 ×0.8",""
"披風-41","防具","披風","靈樞斗篷","木","外界・秘境","依秘境層級","法體","減傷","金身","受到物理傷害 -6%",""
"披風-42","防具","披風","雪域羽衣","水","外界・秘境","依秘境層級","靈動","減傷","化勁","受到術法傷害 -6%",""
"披風-43","防具","披風","龍宮披風","水","外界・秘境","依秘境層級","厚重","減傷","延壽","戰死折壽 -10%",""
"披風-44","防具","披風","四海斗篷","水","外界・秘境","依秘境層級","雅致","減傷","丹心","丹藥回復量 +15%",""
"披風-45","防具","披風","丹陽羽衣","火","外界・秘境","依秘境層級","法體","減傷","反震","受擊反彈 8% 傷害",""
"披風-46","防具","披風","火德披風","火","外界・秘境","依秘境層級","靈動","減傷","護體","氣血低於 30% 時減傷 +8%",""
"披風-47","防具","披風","赤明斗篷","火","外界・秘境","依秘境層級","厚重","減傷","先手盾","每波戰鬥前 2 回合減傷 +10%",""
"披風-48","防具","披風","太嶽羽衣","土","外界・秘境","依秘境層級","雅致","減傷","回春","每回合回復 1% 氣血",""
"披風-49","防具","披風","八荒披風","土","外界・秘境","依秘境層級","法體","減傷","回靈","每回合回復 1.5% 靈力",""
"披風-50","防具","披風","洪荒斗篷","土","外界・秘境","依秘境層級","靈動","減傷","定神","被凍結機率 -15%",""
"腰帶-01","飾品","腰帶","精鋼腰帶","金","可製作・凡俗宗門","Lv10～100","厚重","閃避","剋敵","五行剋制時傷害再 +8%",""
"腰帶-02","飾品","腰帶","松紋束帶","木","可製作・凡俗宗門","Lv10～100","均衡","閃避","閃擊","閃避後反擊一次 ×0.8",""
"腰帶-03","飾品","腰帶","寒鐵腰帶","水","可製作・凡俗宗門","Lv10～100","剛柔","閃避","定神","被凍結機率 -15%",""
"腰帶-04","飾品","腰帶","赤銅束帶","火","可製作・凡俗宗門","Lv10～100","法體","閃避","回春","每回合回復 1% 氣血",""
"腰帶-05","飾品","腰帶","黃楊腰帶","土","可製作・凡俗宗門","Lv10～100","靈動","閃避","聚財","靈石獲得 +3%",""
"腰帶-06","飾品","腰帶","庚金束帶","金","可製作・修真宗門","Lv200～500","剛猛","閃避","悟道","修為獲得 +2%",""
"腰帶-07","飾品","腰帶","青元腰帶","木","可製作・修真宗門","Lv200～500","玄妙","閃避","積德","功德獲得 +5%",""
"腰帶-08","飾品","腰帶","寒魄束帶","水","可製作・修真宗門","Lv200～500","雅致","閃避","奪寶","裝備掉落率 +10%（相對值）",""
"腰帶-09","飾品","腰帶","赤霄腰帶","火","可製作・修真宗門","Lv200～500","厚重","閃避","尋鐵","星允鐵獲得 +10%",""
"腰帶-10","飾品","腰帶","鎮岳束帶","土","可製作・修真宗門","Lv200～500","均衡","閃避","役使","僕從任務速度 +5%",""
"腰帶-11","飾品","腰帶","太白腰帶","金","可製作・至高宗門","Lv700～1000","剛柔","閃避","獸魂","靈寵傷害 +10%",""
"腰帶-12","飾品","腰帶","建木束帶","木","可製作・至高宗門","Lv700～1000","法體","閃避","通玄","藏書閣屬性秘典效果 +10%",""
"腰帶-13","飾品","腰帶","玄冥腰帶","水","可製作・至高宗門","Lv700～1000","靈動","閃避","回靈","每回合回復 1.5% 靈力",""
"腰帶-14","飾品","腰帶","南明束帶","火","可製作・至高宗門","Lv700～1000","剛猛","閃避","法爆","技能傷害 +5%",""
"腰帶-15","飾品","腰帶","后土腰帶","土","可製作・至高宗門","Lv700～1000","玄妙","閃避","剋敵","五行剋制時傷害再 +8%",""
"腰帶-16","飾品","腰帶","血刃束帶","金","外界・奪寶","依人物等級","雅致","閃避","閃擊","閃避後反擊一次 ×0.8",""
"腰帶-17","飾品","腰帶","蠱毒腰帶","木","外界・奪寶","依人物等級","厚重","閃避","定神","被凍結機率 -15%",""
"腰帶-18","飾品","腰帶","幽冥束帶","水","外界・奪寶","依人物等級","均衡","閃避","回春","每回合回復 1% 氣血",""
"腰帶-19","飾品","腰帶","血焰腰帶","火","外界・奪寶","依人物等級","剛柔","閃避","聚財","靈石獲得 +3%",""
"腰帶-20","飾品","腰帶","屍山束帶","土","外界・奪寶","依人物等級","法體","閃避","悟道","修為獲得 +2%",""
"腰帶-21","飾品","腰帶","鎏金腰帶","金","外界・拍賣","依人物等級","靈動","閃避","積德","功德獲得 +5%",""
"腰帶-22","飾品","腰帶","翡翠束帶","木","外界・拍賣","依人物等級","剛猛","閃避","奪寶","裝備掉落率 +10%（相對值）",""
"腰帶-23","飾品","腰帶","珍珠腰帶","水","外界・拍賣","依人物等級","玄妙","閃避","尋鐵","星允鐵獲得 +10%",""
"腰帶-24","飾品","腰帶","瑪瑙束帶","火","外界・拍賣","依人物等級","雅致","閃避","役使","僕從任務速度 +5%",""
"腰帶-25","飾品","腰帶","和闐腰帶","土","外界・拍賣","依人物等級","厚重","閃避","獸魂","靈寵傷害 +10%",""
"腰帶-26","飾品","腰帶","太乙束帶","金","外界・秘境","依秘境層級","均衡","閃避","通玄","藏書閣屬性秘典效果 +10%","太乙（物攻）"
"腰帶-27","飾品","腰帶","蒼龍腰帶","木","外界・秘境","依秘境層級","剛柔","閃避","回靈","每回合回復 1.5% 靈力","蒼龍（物攻）"
"腰帶-28","飾品","腰帶","真武束帶","水","外界・秘境","依秘境層級","法體","閃避","法爆","技能傷害 +5%","真武（物攻）"
"腰帶-29","飾品","腰帶","祝融腰帶","火","外界・秘境","依秘境層級","靈動","閃避","剋敵","五行剋制時傷害再 +8%","祝融（物攻）"
"腰帶-30","飾品","腰帶","盤古束帶","土","外界・秘境","依秘境層級","剛猛","閃避","閃擊","閃避後反擊一次 ×0.8","盤古（物攻）"
"腰帶-31","飾品","腰帶","白帝腰帶","金","外界・秘境","依秘境層級","玄妙","閃避","定神","被凍結機率 -15%","白帝（防禦）"
"腰帶-32","飾品","腰帶","句芒束帶","木","外界・秘境","依秘境層級","雅致","閃避","回春","每回合回復 1% 氣血","句芒（防禦）"
"腰帶-33","飾品","腰帶","玄天腰帶","水","外界・秘境","依秘境層級","厚重","閃避","聚財","靈石獲得 +3%","玄天（防禦）"
"腰帶-34","飾品","腰帶","炎帝束帶","火","外界・秘境","依秘境層級","均衡","閃避","悟道","修為獲得 +2%","炎帝（防禦）"
"腰帶-35","飾品","腰帶","軒轅腰帶","土","外界・秘境","依秘境層級","剛柔","閃避","積德","功德獲得 +5%","軒轅（防禦）"
"腰帶-36","飾品","腰帶","大衍束帶","金","外界・秘境","依秘境層級","法體","閃避","奪寶","裝備掉落率 +10%（相對值）","大衍（收益）"
"腰帶-37","飾品","腰帶","蓬萊腰帶","木","外界・秘境","依秘境層級","靈動","閃避","尋鐵","星允鐵獲得 +10%","蓬萊（收益）"
"腰帶-38","飾品","腰帶","歸墟束帶","水","外界・秘境","依秘境層級","剛猛","閃避","役使","僕從任務速度 +5%","歸墟（收益）"
"腰帶-39","飾品","腰帶","丹霄腰帶","火","外界・秘境","依秘境層級","玄妙","閃避","獸魂","靈寵傷害 +10%","丹霄（收益）"
"腰帶-40","飾品","腰帶","萬壽束帶","土","外界・秘境","依秘境層級","雅致","閃避","通玄","藏書閣屬性秘典效果 +10%","萬壽（收益）"
"腰帶-41","飾品","腰帶","萬劍腰帶","金","外界・秘境","依秘境層級","厚重","閃避","回靈","每回合回復 1.5% 靈力",""
"腰帶-42","飾品","腰帶","金烏束帶","金","外界・秘境","依秘境層級","均衡","閃避","法爆","技能傷害 +5%",""
"腰帶-43","飾品","腰帶","碧霄腰帶","木","外界・秘境","依秘境層級","剛柔","閃避","剋敵","五行剋制時傷害再 +8%",""
"腰帶-44","飾品","腰帶","長春束帶","木","外界・秘境","依秘境層級","法體","閃避","閃擊","閃避後反擊一次 ×0.8",""
"腰帶-45","飾品","腰帶","月魄腰帶","水","外界・秘境","依秘境層級","靈動","閃避","定神","被凍結機率 -15%",""
"腰帶-46","飾品","腰帶","星河束帶","水","外界・秘境","依秘境層級","剛猛","閃避","回春","每回合回復 1% 氣血",""
"腰帶-47","飾品","腰帶","朝陽腰帶","火","外界・秘境","依秘境層級","玄妙","閃避","聚財","靈石獲得 +3%",""
"腰帶-48","飾品","腰帶","焰魔束帶","火","外界・秘境","依秘境層級","雅致","閃避","悟道","修為獲得 +2%",""
"腰帶-49","飾品","腰帶","鎮獄腰帶","土","外界・秘境","依秘境層級","厚重","閃避","積德","功德獲得 +5%",""
"腰帶-50","飾品","腰帶","山海束帶","土","外界・秘境","依秘境層級","均衡","閃避","奪寶","裝備掉落率 +10%（相對值）",""
"項鍊-01","飾品","項鍊","青銅項鍊","金","可製作・凡俗宗門","Lv10～100","靈動","閃避","定神","被凍結機率 -15%",""
"項鍊-02","飾品","項鍊","竹節珠鍊","木","可製作・凡俗宗門","Lv10～100","玄妙","閃避","回春","每回合回復 1% 氣血",""
"項鍊-03","飾品","項鍊","秋水玉墜","水","可製作・凡俗宗門","Lv10～100","雅致","閃避","聚財","靈石獲得 +3%",""
"項鍊-04","飾品","項鍊","紅纓項鍊","火","可製作・凡俗宗門","Lv10～100","均衡","閃避","悟道","修為獲得 +2%",""
"項鍊-05","飾品","項鍊","石紋珠鍊","土","可製作・凡俗宗門","Lv10～100","法體","閃避","積德","功德獲得 +5%",""
"項鍊-06","飾品","項鍊","斬魄玉墜","金","可製作・修真宗門","Lv200～500","厚重","閃避","奪寶","裝備掉落率 +10%（相對值）",""
"項鍊-07","飾品","項鍊","碧落項鍊","木","可製作・修真宗門","Lv200～500","剛猛","閃避","尋鐵","星允鐵獲得 +10%",""
"項鍊-08","飾品","項鍊","流雲珠鍊","水","可製作・修真宗門","Lv200～500","剛柔","閃避","役使","僕從任務速度 +5%",""
"項鍊-09","飾品","項鍊","焚天玉墜","火","可製作・修真宗門","Lv200～500","靈動","閃避","獸魂","靈寵傷害 +10%",""
"項鍊-10","飾品","項鍊","玄黃項鍊","土","可製作・修真宗門","Lv200～500","玄妙","閃避","通玄","藏書閣屬性秘典效果 +10%",""
"項鍊-11","飾品","項鍊","天罡珠鍊","金","可製作・至高宗門","Lv700～1000","雅致","閃避","回靈","每回合回復 1.5% 靈力",""
"項鍊-12","飾品","項鍊","扶桑玉墜","木","可製作・至高宗門","Lv700～1000","均衡","閃避","法爆","技能傷害 +5%",""
"項鍊-13","飾品","項鍊","北冥項鍊","水","可製作・至高宗門","Lv700～1000","法體","閃避","剋敵","五行剋制時傷害再 +8%",""
"項鍊-14","飾品","項鍊","離火珠鍊","火","可製作・至高宗門","Lv700～1000","厚重","閃避","閃擊","閃避後反擊一次 ×0.8",""
"項鍊-15","飾品","項鍊","戊己玉墜","土","可製作・至高宗門","Lv700～1000","剛猛","閃避","定神","被凍結機率 -15%",""
"項鍊-16","飾品","項鍊","奪魄項鍊","金","外界・奪寶","依人物等級","剛柔","閃避","回春","每回合回復 1% 氣血",""
"項鍊-17","飾品","項鍊","噬心珠鍊","木","外界・奪寶","依人物等級","靈動","閃避","聚財","靈石獲得 +3%",""
"項鍊-18","飾品","項鍊","黃泉玉墜","水","外界・奪寶","依人物等級","玄妙","閃避","悟道","修為獲得 +2%",""
"項鍊-19","飾品","項鍊","魔焰項鍊","火","外界・奪寶","依人物等級","雅致","閃避","積德","功德獲得 +5%",""
"項鍊-20","飾品","項鍊","白骨珠鍊","土","外界・奪寶","依人物等級","均衡","閃避","奪寶","裝備掉落率 +10%（相對值）",""
"項鍊-21","飾品","項鍊","琉璃玉墜","金","外界・拍賣","依人物等級","法體","閃避","尋鐵","星允鐵獲得 +10%",""
"項鍊-22","飾品","項鍊","沉香項鍊","木","外界・拍賣","依人物等級","厚重","閃避","役使","僕從任務速度 +5%",""
"項鍊-23","飾品","項鍊","水晶珠鍊","水","外界・拍賣","依人物等級","剛猛","閃避","獸魂","靈寵傷害 +10%",""
"項鍊-24","飾品","項鍊","珊瑚玉墜","火","外界・拍賣","依人物等級","剛柔","閃避","通玄","藏書閣屬性秘典效果 +10%",""
"項鍊-25","飾品","項鍊","黃玉項鍊","土","外界・拍賣","依人物等級","靈動","閃避","回靈","每回合回復 1.5% 靈力",""
"項鍊-26","飾品","項鍊","神霄珠鍊","金","外界・秘境","依秘境層級","玄妙","閃避","法爆","技能傷害 +5%","神霄（法攻）"
"項鍊-27","飾品","項鍊","太昊玉墜","木","外界・秘境","依秘境層級","雅致","閃避","剋敵","五行剋制時傷害再 +8%","太昊（法攻）"
"項鍊-28","飾品","項鍊","玄女項鍊","水","外界・秘境","依秘境層級","均衡","閃避","閃擊","閃避後反擊一次 ×0.8","玄女（法攻）"
"項鍊-29","飾品","項鍊","羲和珠鍊","火","外界・秘境","依秘境層級","法體","閃避","定神","被凍結機率 -15%","羲和（法攻）"
"項鍊-30","飾品","項鍊","黃庭玉墜","土","外界・秘境","依秘境層級","厚重","閃避","回春","每回合回復 1% 氣血","黃庭（法攻）"
"項鍊-31","飾品","項鍊","戮仙項鍊","金","外界・秘境","依秘境層級","剛猛","閃避","聚財","靈石獲得 +3%","戮仙（屬性）"
"項鍊-32","飾品","項鍊","神農珠鍊","木","外界・秘境","依秘境層級","剛柔","閃避","悟道","修為獲得 +2%","神農（屬性）"
"項鍊-33","飾品","項鍊","太陰玉墜","水","外界・秘境","依秘境層級","靈動","閃避","積德","功德獲得 +5%","太陰（屬性）"
"項鍊-34","飾品","項鍊","三昧項鍊","火","外界・秘境","依秘境層級","玄妙","閃避","奪寶","裝備掉落率 +10%（相對值）","三昧（屬性）"
"項鍊-35","飾品","項鍊","九州珠鍊","土","外界・秘境","依秘境層級","雅致","閃避","尋鐵","星允鐵獲得 +10%","九州（屬性）"
"項鍊-36","飾品","項鍊","大衍玉墜","金","外界・秘境","依秘境層級","均衡","閃避","役使","僕從任務速度 +5%","大衍（收益）"
"項鍊-37","飾品","項鍊","蓬萊項鍊","木","外界・秘境","依秘境層級","法體","閃避","獸魂","靈寵傷害 +10%","蓬萊（收益）"
"項鍊-38","飾品","項鍊","歸墟珠鍊","水","外界・秘境","依秘境層級","厚重","閃避","通玄","藏書閣屬性秘典效果 +10%","歸墟（收益）"
"項鍊-39","飾品","項鍊","丹霄玉墜","火","外界・秘境","依秘境層級","剛猛","閃避","回靈","每回合回復 1.5% 靈力","丹霄（收益）"
"項鍊-40","飾品","項鍊","萬壽項鍊","土","外界・秘境","依秘境層級","剛柔","閃避","法爆","技能傷害 +5%","萬壽（收益）"
"項鍊-41","飾品","項鍊","天刑珠鍊","金","外界・秘境","依秘境層級","靈動","閃避","剋敵","五行剋制時傷害再 +8%",""
"項鍊-42","飾品","項鍊","無量玉墜","金","外界・秘境","依秘境層級","玄妙","閃避","閃擊","閃避後反擊一次 ×0.8",""
"項鍊-43","飾品","項鍊","瀛洲項鍊","木","外界・秘境","依秘境層級","雅致","閃避","定神","被凍結機率 -15%",""
"項鍊-44","飾品","項鍊","方丈珠鍊","木","外界・秘境","依秘境層級","均衡","閃避","回春","每回合回復 1% 氣血",""
"項鍊-45","飾品","項鍊","太虛玉墜","水","外界・秘境","依秘境層級","法體","閃避","聚財","靈石獲得 +3%",""
"項鍊-46","飾品","項鍊","靈霄項鍊","水","外界・秘境","依秘境層級","厚重","閃避","悟道","修為獲得 +2%",""
"項鍊-47","飾品","項鍊","陽燧珠鍊","火","外界・秘境","依秘境層級","剛猛","閃避","積德","功德獲得 +5%",""
"項鍊-48","飾品","項鍊","離明玉墜","火","外界・秘境","依秘境層級","剛柔","閃避","奪寶","裝備掉落率 +10%（相對值）",""
"項鍊-49","飾品","項鍊","中州項鍊","土","外界・秘境","依秘境層級","靈動","閃避","尋鐵","星允鐵獲得 +10%",""
"項鍊-50","飾品","項鍊","大荒珠鍊","土","外界・秘境","依秘境層級","玄妙","閃避","役使","僕從任務速度 +5%",""
"戒指-01","飾品","戒指","鐵骨戒","金","可製作・凡俗宗門","Lv10～100","剛猛","閃避","聚財","靈石獲得 +3%",""
"戒指-02","飾品","戒指","桑木指環","木","可製作・凡俗宗門","Lv10～100","玄妙","閃避","悟道","修為獲得 +2%",""
"戒指-03","飾品","戒指","冷泉戒","水","可製作・凡俗宗門","Lv10～100","均衡","閃避","積德","功德獲得 +5%",""
"戒指-04","飾品","戒指","烈陽指環","火","可製作・凡俗宗門","Lv10～100","剛柔","閃避","奪寶","裝備掉落率 +10%（相對值）",""
"戒指-05","飾品","戒指","厚土戒","土","可製作・凡俗宗門","Lv10～100","法體","閃避","尋鐵","星允鐵獲得 +10%",""
"戒指-06","飾品","戒指","破軍指環","金","可製作・修真宗門","Lv200～500","雅致","閃避","役使","僕從任務速度 +5%",""
"戒指-07","飾品","戒指","長青戒","木","可製作・修真宗門","Lv200～500","靈動","閃避","獸魂","靈寵傷害 +10%",""
"戒指-08","飾品","戒指","冰魄指環","水","可製作・修真宗門","Lv200～500","厚重","閃避","通玄","藏書閣屬性秘典效果 +10%",""
"戒指-09","飾品","戒指","流火戒","火","可製作・修真宗門","Lv200～500","剛猛","閃避","回靈","每回合回復 1.5% 靈力",""
"戒指-10","飾品","戒指","山河指環","土","可製作・修真宗門","Lv200～500","玄妙","閃避","法爆","技能傷害 +5%",""
"戒指-11","飾品","戒指","誅邪戒","金","可製作・至高宗門","Lv700～1000","均衡","閃避","剋敵","五行剋制時傷害再 +8%",""
"戒指-12","飾品","戒指","青帝指環","木","可製作・至高宗門","Lv700～1000","剛柔","閃避","閃擊","閃避後反擊一次 ×0.8",""
"戒指-13","飾品","戒指","天河戒","水","可製作・至高宗門","Lv700～1000","法體","閃避","定神","被凍結機率 -15%",""
"戒指-14","飾品","戒指","朱雀指環","火","可製作・至高宗門","Lv700～1000","雅致","閃避","回春","每回合回復 1% 氣血",""
"戒指-15","飾品","戒指","崑崙戒","土","可製作・至高宗門","Lv700～1000","靈動","閃避","聚財","靈石獲得 +3%",""
"戒指-16","飾品","戒指","鬼哭指環","金","外界・奪寶","依人物等級","厚重","閃避","悟道","修為獲得 +2%",""
"戒指-17","飾品","戒指","鬼藤戒","木","外界・奪寶","依人物等級","剛猛","閃避","積德","功德獲得 +5%",""
"戒指-18","飾品","戒指","冥河指環","水","外界・奪寶","依人物等級","玄妙","閃避","奪寶","裝備掉落率 +10%（相對值）",""
"戒指-19","飾品","戒指","焚魂戒","火","外界・奪寶","依人物等級","均衡","閃避","尋鐵","星允鐵獲得 +10%",""
"戒指-20","飾品","戒指","墳土指環","土","外界・奪寶","依人物等級","剛柔","閃避","役使","僕從任務速度 +5%",""
"戒指-21","飾品","戒指","珍瓏戒","金","外界・拍賣","依人物等級","法體","閃避","獸魂","靈寵傷害 +10%",""
"戒指-22","飾品","戒指","紫檀指環","木","外界・拍賣","依人物等級","雅致","閃避","通玄","藏書閣屬性秘典效果 +10%",""
"戒指-23","飾品","戒指","冰玉戒","水","外界・拍賣","依人物等級","靈動","閃避","回靈","每回合回復 1.5% 靈力",""
"戒指-24","飾品","戒指","赤玉指環","火","外界・拍賣","依人物等級","厚重","閃避","法爆","技能傷害 +5%",""
"戒指-25","飾品","戒指","玳瑁戒","土","外界・拍賣","依人物等級","剛猛","閃避","剋敵","五行剋制時傷害再 +8%",""
"戒指-26","飾品","戒指","太乙指環","金","外界・秘境","依秘境層級","玄妙","閃避","閃擊","閃避後反擊一次 ×0.8","太乙（物攻）"
"戒指-27","飾品","戒指","蒼龍戒","木","外界・秘境","依秘境層級","均衡","閃避","定神","被凍結機率 -15%","蒼龍（物攻）"
"戒指-28","飾品","戒指","真武指環","水","外界・秘境","依秘境層級","剛柔","閃避","回春","每回合回復 1% 氣血","真武（物攻）"
"戒指-29","飾品","戒指","祝融戒","火","外界・秘境","依秘境層級","法體","閃避","聚財","靈石獲得 +3%","祝融（物攻）"
"戒指-30","飾品","戒指","盤古指環","土","外界・秘境","依秘境層級","雅致","閃避","悟道","修為獲得 +2%","盤古（物攻）"
"戒指-31","飾品","戒指","天樞戒","金","外界・秘境","依秘境層級","靈動","閃避","積德","功德獲得 +5%","天樞（閃避）"
"戒指-32","飾品","戒指","瑤光指環","木","外界・秘境","依秘境層級","厚重","閃避","奪寶","裝備掉落率 +10%（相對值）","瑤光（閃避）"
"戒指-33","飾品","戒指","洛神戒","水","外界・秘境","依秘境層級","剛猛","閃避","尋鐵","星允鐵獲得 +10%","洛神（閃避）"
"戒指-34","飾品","戒指","畢方指環","火","外界・秘境","依秘境層級","玄妙","閃避","役使","僕從任務速度 +5%","畢方（閃避）"
"戒指-35","飾品","戒指","須彌戒","土","外界・秘境","依秘境層級","均衡","閃避","獸魂","靈寵傷害 +10%","須彌（閃避）"
"戒指-36","飾品","戒指","戮仙指環","金","外界・秘境","依秘境層級","剛柔","閃避","通玄","藏書閣屬性秘典效果 +10%","戮仙（屬性）"
"戒指-37","飾品","戒指","神農戒","木","外界・秘境","依秘境層級","法體","閃避","回靈","每回合回復 1.5% 靈力","神農（屬性）"
"戒指-38","飾品","戒指","太陰指環","水","外界・秘境","依秘境層級","雅致","閃避","法爆","技能傷害 +5%","太陰（屬性）"
"戒指-39","飾品","戒指","三昧戒","火","外界・秘境","依秘境層級","靈動","閃避","剋敵","五行剋制時傷害再 +8%","三昧（屬性）"
"戒指-40","飾品","戒指","九州指環","土","外界・秘境","依秘境層級","厚重","閃避","閃擊","閃避後反擊一次 ×0.8","九州（屬性）"
"戒指-41","飾品","戒指","太初戒","金","外界・秘境","依秘境層級","剛猛","閃避","定神","被凍結機率 -15%",""
"戒指-42","飾品","戒指","開天指環","金","外界・秘境","依秘境層級","玄妙","閃避","回春","每回合回復 1% 氣血",""
"戒指-43","飾品","戒指","鴻蒙戒","木","外界・秘境","依秘境層級","均衡","閃避","聚財","靈石獲得 +3%",""
"戒指-44","飾品","戒指","青冥指環","木","外界・秘境","依秘境層級","剛柔","閃避","悟道","修為獲得 +2%",""
"戒指-45","飾品","戒指","北斗戒","水","外界・秘境","依秘境層級","法體","閃避","積德","功德獲得 +5%",""
"戒指-46","飾品","戒指","寒淵指環","水","外界・秘境","依秘境層級","雅致","閃避","奪寶","裝備掉落率 +10%（相對值）",""
"戒指-47","飾品","戒指","燭龍戒","火","外界・秘境","依秘境層級","靈動","閃避","尋鐵","星允鐵獲得 +10%",""
"戒指-48","飾品","戒指","赤帝指環","火","外界・秘境","依秘境層級","厚重","閃避","役使","僕從任務速度 +5%",""
"戒指-49","飾品","戒指","坤輿戒","土","外界・秘境","依秘境層級","剛猛","閃避","獸魂","靈寵傷害 +10%",""
"戒指-50","飾品","戒指","泰山指環","土","外界・秘境","依秘境層級","玄妙","閃避","通玄","藏書閣屬性秘典效果 +10%",""
"耳環-01","飾品","耳環","白銅耳環","金","可製作・凡俗宗門","Lv10～100","雅致","閃避","積德","功德獲得 +5%",""
"耳環-02","飾品","耳環","青藤耳墜","木","可製作・凡俗宗門","Lv10～100","靈動","閃避","奪寶","裝備掉落率 +10%（相對值）",""
"耳環-03","飾品","耳環","碧波耳環","水","可製作・凡俗宗門","Lv10～100","均衡","閃避","尋鐵","星允鐵獲得 +10%",""
"耳環-04","飾品","耳環","丹霞耳墜","火","可製作・凡俗宗門","Lv10～100","玄妙","閃避","役使","僕從任務速度 +5%",""
"耳環-05","飾品","耳環","山紋耳環","土","可製作・凡俗宗門","Lv10～100","剛柔","閃避","獸魂","靈寵傷害 +10%",""
"耳環-06","飾品","耳環","流光耳墜","金","可製作・修真宗門","Lv200～500","法體","閃避","通玄","藏書閣屬性秘典效果 +10%",""
"耳環-07","飾品","耳環","蒼松耳環","木","可製作・修真宗門","Lv200～500","厚重","閃避","回靈","每回合回復 1.5% 靈力",""
"耳環-08","飾品","耳環","滄浪耳墜","水","可製作・修真宗門","Lv200～500","剛猛","閃避","法爆","技能傷害 +5%",""
"耳環-09","飾品","耳環","炎陽耳環","火","可製作・修真宗門","Lv200～500","雅致","閃避","剋敵","五行剋制時傷害再 +8%",""
"耳環-10","飾品","耳環","磐石耳墜","土","可製作・修真宗門","Lv200～500","靈動","閃避","閃擊","閃避後反擊一次 ×0.8",""
"耳環-11","飾品","耳環","金闕耳環","金","可製作・至高宗門","Lv700～1000","均衡","閃避","定神","被凍結機率 -15%",""
"耳環-12","飾品","耳環","萬木耳墜","木","可製作・至高宗門","Lv700～1000","玄妙","閃避","回春","每回合回復 1% 氣血",""
"耳環-13","飾品","耳環","弱水耳環","水","可製作・至高宗門","Lv700～1000","剛柔","閃避","聚財","靈石獲得 +3%",""
"耳環-14","飾品","耳環","九陽耳墜","火","可製作・至高宗門","Lv700～1000","法體","閃避","悟道","修為獲得 +2%",""
"耳環-15","飾品","耳環","不周耳環","土","可製作・至高宗門","Lv700～1000","厚重","閃避","積德","功德獲得 +5%",""
"耳環-16","飾品","耳環","修羅耳墜","金","外界・奪寶","依人物等級","剛猛","閃避","奪寶","裝備掉落率 +10%（相對值）",""
"耳環-17","飾品","耳環","血藤耳環","木","外界・奪寶","依人物等級","雅致","閃避","尋鐵","星允鐵獲得 +10%",""
"耳環-18","飾品","耳環","陰煞耳墜","水","外界・奪寶","依人物等級","靈動","閃避","役使","僕從任務速度 +5%",""
"耳環-19","飾品","耳環","煉獄耳環","火","外界・奪寶","依人物等級","均衡","閃避","獸魂","靈寵傷害 +10%",""
"耳環-20","飾品","耳環","骷髏耳墜","土","外界・奪寶","依人物等級","玄妙","閃避","通玄","藏書閣屬性秘典效果 +10%",""
"耳環-21","飾品","耳環","紫金耳環","金","外界・拍賣","依人物等級","剛柔","閃避","回靈","每回合回復 1.5% 靈力",""
"耳環-22","飾品","耳環","檀香耳墜","木","外界・拍賣","依人物等級","法體","閃避","法爆","技能傷害 +5%",""
"耳環-23","飾品","耳環","月華耳環","水","外界・拍賣","依人物等級","厚重","閃避","剋敵","五行剋制時傷害再 +8%",""
"耳環-24","飾品","耳環","霞光耳墜","火","外界・拍賣","依人物等級","剛猛","閃避","閃擊","閃避後反擊一次 ×0.8",""
"耳環-25","飾品","耳環","墨玉耳環","土","外界・拍賣","依人物等級","雅致","閃避","定神","被凍結機率 -15%",""
"耳環-26","飾品","耳環","神霄耳墜","金","外界・秘境","依秘境層級","靈動","閃避","回春","每回合回復 1% 氣血","神霄（法攻）"
"耳環-27","飾品","耳環","太昊耳環","木","外界・秘境","依秘境層級","均衡","閃避","聚財","靈石獲得 +3%","太昊（法攻）"
"耳環-28","飾品","耳環","玄女耳墜","水","外界・秘境","依秘境層級","玄妙","閃避","悟道","修為獲得 +2%","玄女（法攻）"
"耳環-29","飾品","耳環","羲和耳環","火","外界・秘境","依秘境層級","剛柔","閃避","積德","功德獲得 +5%","羲和（法攻）"
"耳環-30","飾品","耳環","黃庭耳墜","土","外界・秘境","依秘境層級","法體","閃避","奪寶","裝備掉落率 +10%（相對值）","黃庭（法攻）"
"耳環-31","飾品","耳環","天樞耳環","金","外界・秘境","依秘境層級","厚重","閃避","尋鐵","星允鐵獲得 +10%","天樞（閃避）"
"耳環-32","飾品","耳環","瑤光耳墜","木","外界・秘境","依秘境層級","剛猛","閃避","役使","僕從任務速度 +5%","瑤光（閃避）"
"耳環-33","飾品","耳環","洛神耳環","水","外界・秘境","依秘境層級","雅致","閃避","獸魂","靈寵傷害 +10%","洛神（閃避）"
"耳環-34","飾品","耳環","畢方耳墜","火","外界・秘境","依秘境層級","靈動","閃避","通玄","藏書閣屬性秘典效果 +10%","畢方（閃避）"
"耳環-35","飾品","耳環","須彌耳環","土","外界・秘境","依秘境層級","均衡","閃避","回靈","每回合回復 1.5% 靈力","須彌（閃避）"
"耳環-36","飾品","耳環","大衍耳墜","金","外界・秘境","依秘境層級","玄妙","閃避","法爆","技能傷害 +5%","大衍（收益）"
"耳環-37","飾品","耳環","蓬萊耳環","木","外界・秘境","依秘境層級","剛柔","閃避","剋敵","五行剋制時傷害再 +8%","蓬萊（收益）"
"耳環-38","飾品","耳環","歸墟耳墜","水","外界・秘境","依秘境層級","法體","閃避","閃擊","閃避後反擊一次 ×0.8","歸墟（收益）"
"耳環-39","飾品","耳環","丹霄耳環","火","外界・秘境","依秘境層級","厚重","閃避","定神","被凍結機率 -15%","丹霄（收益）"
"耳環-40","飾品","耳環","萬壽耳墜","土","外界・秘境","依秘境層級","剛猛","閃避","回春","每回合回復 1% 氣血","萬壽（收益）"
"耳環-41","飾品","耳環","絕仙耳環","金","外界・秘境","依秘境層級","雅致","閃避","聚財","靈石獲得 +3%",""
"耳環-42","飾品","耳環","紫霄耳墜","金","外界・秘境","依秘境層級","靈動","閃避","悟道","修為獲得 +2%",""
"耳環-43","飾品","耳環","木德耳環","木","外界・秘境","依秘境層級","均衡","閃避","積德","功德獲得 +5%",""
"耳環-44","飾品","耳環","生生耳墜","木","外界・秘境","依秘境層級","玄妙","閃避","奪寶","裝備掉落率 +10%（相對值）",""
"耳環-45","飾品","耳環","天一耳環","水","外界・秘境","依秘境層級","剛柔","閃避","尋鐵","星允鐵獲得 +10%",""
"耳環-46","飾品","耳環","冰皇耳墜","水","外界・秘境","依秘境層級","法體","閃避","役使","僕從任務速度 +5%",""
"耳環-47","飾品","耳環","天火耳環","火","外界・秘境","依秘境層級","厚重","閃避","獸魂","靈寵傷害 +10%",""
"耳環-48","飾品","耳環","熾天耳墜","火","外界・秘境","依秘境層級","剛猛","閃避","通玄","藏書閣屬性秘典效果 +10%",""
"耳環-49","飾品","耳環","厚德耳環","土","外界・秘境","依秘境層級","雅致","閃避","回靈","每回合回復 1.5% 靈力",""
"耳環-50","飾品","耳環","乾坤耳墜","土","外界・秘境","依秘境層級","靈動","閃避","法爆","技能傷害 +5%",""
"腰牌-01","飾品","腰牌","銀紋令","金","可製作・凡俗宗門","Lv10～100","均衡","閃避","尋鐵","星允鐵獲得 +10%",""
"腰牌-02","飾品","腰牌","柳葉腰牌","木","可製作・凡俗宗門","Lv10～100","雅致","閃避","役使","僕從任務速度 +5%",""
"腰牌-03","飾品","腰牌","霜紋令牌","水","可製作・凡俗宗門","Lv10～100","玄妙","閃避","獸魂","靈寵傷害 +10%",""
"腰牌-04","飾品","腰牌","火紋令","火","可製作・凡俗宗門","Lv10～100","靈動","閃避","通玄","藏書閣屬性秘典效果 +10%",""
"腰牌-05","飾品","腰牌","岩骨腰牌","土","可製作・凡俗宗門","Lv10～100","厚重","閃避","回靈","每回合回復 1.5% 靈力",""
"腰牌-06","飾品","腰牌","金蟬令牌","金","可製作・修真宗門","Lv200～500","剛柔","閃避","法爆","技能傷害 +5%",""
"腰牌-07","飾品","腰牌","翠微令","木","可製作・修真宗門","Lv200～500","法體","閃避","剋敵","五行剋制時傷害再 +8%",""
"腰牌-08","飾品","腰牌","玄冰腰牌","水","可製作・修真宗門","Lv200～500","剛猛","閃避","閃擊","閃避後反擊一次 ×0.8",""
"腰牌-09","飾品","腰牌","火鳳令牌","火","可製作・修真宗門","Lv200～500","均衡","閃避","定神","被凍結機率 -15%",""
"腰牌-10","飾品","腰牌","坤元令","土","可製作・修真宗門","Lv200～500","雅致","閃避","回春","每回合回復 1% 氣血",""
"腰牌-11","飾品","腰牌","斬仙腰牌","金","可製作・至高宗門","Lv700～1000","玄妙","閃避","聚財","靈石獲得 +3%",""
"腰牌-12","飾品","腰牌","乙木令牌","木","可製作・至高宗門","Lv700～1000","靈動","閃避","悟道","修為獲得 +2%",""
"腰牌-13","飾品","腰牌","滄溟令","水","可製作・至高宗門","Lv700～1000","厚重","閃避","積德","功德獲得 +5%",""
"腰牌-14","飾品","腰牌","太陽腰牌","火","可製作・至高宗門","Lv700～1000","剛柔","閃避","奪寶","裝備掉落率 +10%（相對值）",""
"腰牌-15","飾品","腰牌","息壤令牌","土","可製作・至高宗門","Lv700～1000","法體","閃避","尋鐵","星允鐵獲得 +10%",""
"腰牌-16","飾品","腰牌","追魂令","金","外界・奪寶","依人物等級","剛猛","閃避","役使","僕從任務速度 +5%",""
"腰牌-17","飾品","腰牌","腐骨腰牌","木","外界・奪寶","依人物等級","均衡","閃避","獸魂","靈寵傷害 +10%",""
"腰牌-18","飾品","腰牌","寒屍令牌","水","外界・奪寶","依人物等級","雅致","閃避","通玄","藏書閣屬性秘典效果 +10%",""
"腰牌-19","飾品","腰牌","赤魔令","火","外界・奪寶","依人物等級","玄妙","閃避","回靈","每回合回復 1.5% 靈力",""
"腰牌-20","飾品","腰牌","魔岩腰牌","土","外界・奪寶","依人物等級","靈動","閃避","法爆","技能傷害 +5%",""
"腰牌-21","飾品","腰牌","金縷令牌","金","外界・拍賣","依人物等級","厚重","閃避","剋敵","五行剋制時傷害再 +8%",""
"腰牌-22","飾品","腰牌","碧玉令","木","外界・拍賣","依人物等級","剛柔","閃避","閃擊","閃避後反擊一次 ×0.8",""
"腰牌-23","飾品","腰牌","鮫綃腰牌","水","外界・拍賣","依人物等級","法體","閃避","定神","被凍結機率 -15%",""
"腰牌-24","飾品","腰牌","琥珀令牌","火","外界・拍賣","依人物等級","剛猛","閃避","回春","每回合回復 1% 氣血",""
"腰牌-25","飾品","腰牌","田黃令","土","外界・拍賣","依人物等級","均衡","閃避","聚財","靈石獲得 +3%",""
"腰牌-26","飾品","腰牌","白帝腰牌","金","外界・秘境","依秘境層級","雅致","閃避","悟道","修為獲得 +2%","白帝（防禦）"
"腰牌-27","飾品","腰牌","句芒令牌","木","外界・秘境","依秘境層級","玄妙","閃避","積德","功德獲得 +5%","句芒（防禦）"
"腰牌-28","飾品","腰牌","玄天令","水","外界・秘境","依秘境層級","靈動","閃避","奪寶","裝備掉落率 +10%（相對值）","玄天（防禦）"
"腰牌-29","飾品","腰牌","炎帝腰牌","火","外界・秘境","依秘境層級","厚重","閃避","尋鐵","星允鐵獲得 +10%","炎帝（防禦）"
"腰牌-30","飾品","腰牌","軒轅令牌","土","外界・秘境","依秘境層級","剛柔","閃避","役使","僕從任務速度 +5%","軒轅（防禦）"
"腰牌-31","飾品","腰牌","大衍令","金","外界・秘境","依秘境層級","法體","閃避","獸魂","靈寵傷害 +10%","大衍（收益）"
"腰牌-32","飾品","腰牌","蓬萊腰牌","木","外界・秘境","依秘境層級","剛猛","閃避","通玄","藏書閣屬性秘典效果 +10%","蓬萊（收益）"
"腰牌-33","飾品","腰牌","歸墟令牌","水","外界・秘境","依秘境層級","均衡","閃避","回靈","每回合回復 1.5% 靈力","歸墟（收益）"
"腰牌-34","飾品","腰牌","丹霄令","火","外界・秘境","依秘境層級","雅致","閃避","法爆","技能傷害 +5%","丹霄（收益）"
"腰牌-35","飾品","腰牌","萬壽腰牌","土","外界・秘境","依秘境層級","玄妙","閃避","剋敵","五行剋制時傷害再 +8%","萬壽（收益）"
"腰牌-36","飾品","腰牌","破虛令牌","金","外界・秘境","依秘境層級","靈動","閃避","閃擊","閃避後反擊一次 ×0.8",""
"腰牌-37","飾品","腰牌","斷界令","金","外界・秘境","依秘境層級","厚重","閃避","定神","被凍結機率 -15%",""
"腰牌-38","飾品","腰牌","萬劍腰牌","金","外界・秘境","依秘境層級","剛柔","閃避","回春","每回合回復 1% 氣血",""
"腰牌-39","飾品","腰牌","青虛令牌","木","外界・秘境","依秘境層級","法體","閃避","聚財","靈石獲得 +3%",""
"腰牌-40","飾品","腰牌","靈樞令","木","外界・秘境","依秘境層級","剛猛","閃避","悟道","修為獲得 +2%",""
"腰牌-41","飾品","腰牌","碧霄腰牌","木","外界・秘境","依秘境層級","均衡","閃避","積德","功德獲得 +5%",""
"腰牌-42","飾品","腰牌","龍宮令牌","水","外界・秘境","依秘境層級","雅致","閃避","奪寶","裝備掉落率 +10%（相對值）",""
"腰牌-43","飾品","腰牌","四海令","水","外界・秘境","依秘境層級","玄妙","閃避","尋鐵","星允鐵獲得 +10%",""
"腰牌-44","飾品","腰牌","月魄腰牌","水","外界・秘境","依秘境層級","靈動","閃避","役使","僕從任務速度 +5%",""
"腰牌-45","飾品","腰牌","火德令牌","火","外界・秘境","依秘境層級","厚重","閃避","獸魂","靈寵傷害 +10%",""
"腰牌-46","飾品","腰牌","赤明令","火","外界・秘境","依秘境層級","剛柔","閃避","通玄","藏書閣屬性秘典效果 +10%",""
"腰牌-47","飾品","腰牌","朝陽腰牌","火","外界・秘境","依秘境層級","法體","閃避","回靈","每回合回復 1.5% 靈力",""
"腰牌-48","飾品","腰牌","八荒令牌","土","外界・秘境","依秘境層級","剛猛","閃避","法爆","技能傷害 +5%",""
"腰牌-49","飾品","腰牌","洪荒令","土","外界・秘境","依秘境層級","均衡","閃避","剋敵","五行剋制時傷害再 +8%",""
"腰牌-50","飾品","腰牌","鎮獄腰牌","土","外界・秘境","依秘境層級","雅致","閃避","閃擊","閃避後反擊一次 ×0.8",""
